id_wikidata	materia
Q1	Ciencias del ambiente
Q1000462	Ciencias de la computación
Q1001	Historia
Q1003	Historia
Q1006733	Geografía
Q101017	Ciencias del ambiente
Q101274	Ciencias del ambiente
Q10135	Ciencias de la computación
Q101362	Historia
Q101373	Historia
Q101395	Química
Q101420429	Geografía
Q101487	Química
Q101497	Química
Q101534	Historia
Q1016	Geografía
Q1019	Geografía
Q101935	Historia
Q101949	Ciencias del ambiente
Q101965	Física
Q101998	Biología
Q102083	Historia
Q1020994	Comunicación y sociedad
Q102192	Ciencias del ambiente
Q102205	Física
Q1022111	Matemática
Q102416	Historia
Q1024999	Literatura
Q102500	Química
Q102532	Lengua española
Q102585	Comunicación y sociedad
Q10261	Comunicación y sociedad
Q102761	Matemática
Q1028	Geografía
Q102851	Comunicación y sociedad
Q10288	Comunicación visual y diseño
Q102932	Literatura
Q1029676	Literatura
Q1029907	Biología
Q1031802	Historia
Q103184	Lengua española
Q103191	Biología
Q1032	Geografía
Q1032190	Literatura
Q103230	Química
Q103237	Historia
Q1033	Geografía
Q103639	Comunicación y sociedad
Q1037499	Ciencias del ambiente
Q103983	Ciencias del ambiente
Q104021	Geografía
Q104053	Biología
Q104057283	Historia
Q104083	Lengua española
Q1041	Geografía
Q1042024	Historia
Q104394	Lengua española
Q1045	Geografía
Q1045266	Literatura
Q1047682	Historia
Q1048	Historia
Q1048268	Comunicación y sociedad
Q104837	Química
Q1048468	Historia
Q104851	Ciencias de la computación
Q104884	Comunicación visual y diseño
Q1049	Geografía
Q104946	Química
Q1049476	Ciencias de la computación
Q1049866	Biología
Q1050744	Lengua española
Q1051175	Lengua española
Q105210	Comunicación y sociedad
Q1052120	Historia
Q105290	Comunicación visual y diseño
Q1053185	Comunicación y sociedad
Q1053313	Literatura
Q1053947	Comunicación y sociedad
Q1054168	Comunicación y sociedad
Q1054254	Comunicación visual y diseño
Q1055609	Literatura
Q1056761	Física
Q1057	Biología
Q105763	Historia
Q1058748	Ciencias de la computación
Q1058842	Literatura
Q1059	Biología
Q105985	Comunicación y sociedad
Q106016	Biología
Q106032	Ciencias del ambiente
Q1061030	Historia
Q1061693	Comunicación y sociedad
Q10617810	Lengua española
Q106227	Biología
Q1062677	Ciencias de la computación
Q1062932	Matemática
Q1063	Biología
Q1063076	Comunicación y sociedad
Q1064	Literatura
Q1065	Historia
Q1065257	Matemática
Q1067	Literatura
Q1068091	Física
Q1068675	Matemática
Q1069090	Ciencias de la computación
Q10693	Química
Q106997429	Historia
Q1069998	Matemática
Q10701282	Historia
Q1070421	Ciencias de la computación
Q107047419	Comunicación y sociedad
Q107087885	Biología
Q107087895	Comunicación y sociedad
Q107099	Ciencias del ambiente
Q1071270	Matemática
Q1072140	Historia
Q1072751	Comunicación visual y diseño
Q107342	Comunicación y sociedad
Q1074	Ciencias del ambiente
Q107410	Ciencias del ambiente
Q107425	Geografía
Q10749030	Historia
Q10764194	Matemática
Q107715	Física
Q1079788	Química
Q1079958	Matemática
Q10806	Historia
Q1080711	Historia
Q10811	Biología
Q1081300	Literatura
Q108376	Ciencias del ambiente
Q1084	Lengua española
Q10858537	Geografía
Q10859	Historia
Q10872	Ciencias del ambiente
Q10876	Biología
Q10892	Biología
Q10908	Biología
Q1091461	Ciencias de la computación
Q1092339	Literatura
Q1092462	Literatura
Q10925	Lengua española
Q109251	Historia
Q1092661	Geografía
Q1094061	Lengua española
Q1094598	Literatura
Q1094908	Literatura
Q10955875	Matemática
Q1100446	Lengua española
Q1101896	Lengua española
Q11019	Tecnología
Q11030584	Ciencias de la computación
Q11033	Literatura
Q11053	Biología
Q11068	Biología
Q11078	Biología
Q110786	Lengua española
Q1108445	Historia
Q1109552	Historia
Q11101	Ciencias del ambiente
Q1111	Ciencias del ambiente
Q1112860	Biología
Q1113267	Literatura
Q11135	Ciencias de la computación
Q1114493	Historia
Q11158	Química
Q11169	Lengua española
Q11173	Química
Q1117578	Comunicación y sociedad
Q1118145	Historia
Q11188	Biología
Q11193	Química
Q11197	Matemática
Q11203	Matemática
Q11204	Comunicación y sociedad
Q11214	Matemática
Q112154	Lengua española
Q11216	Ciencias de la computación
Q1122094	Lengua española
Q1122484	Matemática
Q11229	Matemática
Q1123201	Historia
Q1123840	Comunicación y sociedad
Q11255	Ciencias de la computación
Q1125955	Ciencias de la computación
Q1127188	Comunicación y sociedad
Q112754	Historia
Q1129196	Matemática
Q1129469	Ciencias del ambiente
Q1130200	Comunicación y sociedad
Q1131281	Literatura
Q1132008	Literatura
Q11336	Literatura
Q1133779	Comunicación visual y diseño
Q1134177	Historia
Q11344	Química
Q11345	Matemática
Q113453	Comunicación y sociedad
Q11348	Matemática
Q11352	Matemática
Q1135521	Literatura
Q11358	Biología
Q1136305	Comunicación visual y diseño
Q11364	Biología
Q1136575	Historia
Q11367	Biología
Q1136880	Matemática
Q11369	Biología
Q11376	Física
Q11379	Ciencias del ambiente
Q11382	Física
Q11398	Ciencias del ambiente
Q114	Geografía
Q11402	Física
Q1140370	Historia
Q1140685	Ciencias de la computación
Q1140772	Biología
Q11409	Historia
Q11412	Física
Q11421	Ciencias del ambiente
Q11423	Física
Q11426	Química
Q11427	Historia
Q1142948	Comunicación y sociedad
Q11430	Química
Q11432	Química
Q114326	Matemática
Q1143413	Historia
Q11435	Física
Q1143556	Comunicación visual y diseño
Q11438	Física
Q11448	Química
Q11451	Geografía
Q11464	Historia
Q11465	Física
Q11466	Física
Q11469	Tecnología
Q11471	Historia
Q114717	Historia
Q11472	Tecnología
Q11473	Química
Q11474	Tecnología
Q11476	Física
Q1147832	Matemática
Q115	Geografía
Q11500	Física
Q115089	Matemática
Q1150997	Comunicación visual y diseño
Q115161681	Ciencias de la computación
Q11518	Matemática
Q11523	Química
Q1153931	Comunicación y sociedad
Q11567	Matemática
Q11570	Matemática
Q11573	Matemática
Q11574	Matemática
Q11582	Matemática
Q1159457	Literatura
Q1159675	Historia
Q116392186	Matemática
Q1164398	Ciencias del ambiente
Q11651	Ciencias del ambiente
Q11660	Ciencias de la computación
Q11663	Ciencias del ambiente
Q11690026	Literatura
Q11691	Comunicación y sociedad
Q11698	Historia
Q11708	Geografía
Q1172506	Comunicación y sociedad
Q117364	Lengua española
Q11750	Geografía
Q11768	Historia
Q117701	Física
Q1179618	Literatura
Q1179737	Literatura
Q1180565	Literatura
Q118171	Ciencias de la computación
Q1185557	Física
Q1186690	Comunicación y sociedad
Q1187312	Historia
Q1187484	Historia
Q1189238	Ciencias de la computación
Q1191320	Comunicación y sociedad
Q1192894	Historia
Q1193736	Literatura
Q1194697	Lengua española
Q1195304	Literatura
Q1197114	Matemática
Q119716	Geografía
Q11978	Biología
Q11982	Biología
Q11995	Biología
Q1202252	Historia
Q1203075	Matemática
Q1203182	Comunicación y sociedad
Q1203607	Literatura
Q1205637	Biología
Q12089457	Física
Q1209449	Literatura
Q1209716	Historia
Q120976	Matemática
Q120993	Comunicación visual y diseño
Q1210	Geografía
Q121117	Ciencias de la computación
Q12132	Historia
Q12143	Geografía
Q12147	Comunicación y sociedad
Q12151382	Comunicación visual y diseño
Q12152	Biología
Q1216	Geografía
Q121610	Ciencias del ambiente
Q1216707	Literatura
Q1216998	Biología
Q1217677	Matemática
Q1217941	Literatura
Q1219705	Literatura
Q12203	Tecnología
Q1221208	Comunicación y sociedad
Q1222	Geografía
Q122371	Historia
Q12244504	Comunicación y sociedad
Q122508	Ciencias del ambiente
Q1226528	Comunicación visual y diseño
Q1226939	Matemática
Q1227375	Literatura
Q1230918	Literatura
Q123150	Comunicación visual y diseño
Q1232053	Literatura
Q1233645	Literatura
Q123397	Comunicación y sociedad
Q1234585	Literatura
Q1234617	Lengua española
Q123619	Biología
Q1237	Geografía
Q1238338	Historia
Q12385831	Química
Q123991	Geografía
Q1240211	Lengua española
Q124255	Matemática
Q124291	Ciencias del ambiente
Q1243	Geografía
Q124354	Comunicación visual y diseño
Q12444025	Historia
Q1244890	Matemática
Q12453	Química
Q1245589	Literatura
Q12457	Física
Q1246	Geografía
Q1246315	[NULL]
Q1246333	Literatura
Q1246391	Literatura
Q1247524	Historia
Q1247570	Ciencias del ambiente
Q124794	Biología
Q1248697	Literatura
Q1248722	Historia
Q1248980	Comunicación y sociedad
Q12490507	Historia
Q124988	Historia
Q1250	Geografía
Q12503	Matemática
Q1250322	Ciencias de la computación
Q12507	Matemática
Q1250763	Historia
Q12519	Historia
Q125249	Comunicación y sociedad
Q12536	Historia
Q12539	Historia
Q12544	Historia
Q12546	Historia
Q12547192	Lengua española
Q12548	Historia
Q12551	Historia
Q125551	Comunicación y sociedad
Q12557	Historia
Q1256	Geografía
Q12560	Historia
Q1256164	Matemática
Q12562	Historia
Q12567	Historia
Q12571883	Química
Q1257878	Historia
Q125928	Biología
Q126065	Historia
Q1261544	Comunicación visual y diseño
Q126236	Historia
Q1263	Geografía
Q126692	Comunicación y sociedad
Q1269827	Comunicación visual y diseño
Q127006	Biología
Q127013	Historia
Q12705	Ciencias del ambiente
Q12707	Geografía
Q12713481	Historia
Q12718	Comunicación y sociedad
Q12725	Historia
Q1273	Geografía
Q127398	Comunicación y sociedad
Q1274327	Comunicación y sociedad
Q12760	Historia
Q1279	Geografía
Q127912	Historia
Q127920	Química
Q127993	Ciencias del ambiente
Q1280	Geografía
Q12807	Literatura
Q128093	Tecnología
Q128115	Comunicación visual y diseño
Q128135	Historia
Q128160	Historia
Q128168	Historia
Q1282	Geografía
Q128234	[NULL]
Q12831143	Geografía
Q12837	Geografía
Q1284	Geografía
Q1284512	Historia
Q1285	Geografía
Q1286	Geografía
Q128709	Física
Q128751	Ciencias de la computación
Q1290	Comunicación y sociedad
Q12916	Matemática
Q129167	Historia
Q129238	Comunicación y sociedad
Q129286	Historia
Q1294142	Historia
Q12969754	Química
Q1301371	Ciencias de la computación
Q130221	Historia
Q130531	Comunicación visual y diseño
Q1307214	Comunicación y sociedad
Q130796	Historia
Q130901	Matemática
Q130998	Matemática
Q131013	Comunicación visual y diseño
Q131015	Comunicación y sociedad
Q131105	[NULL]
Q131117	Comunicación y sociedad
Q131123	Ciencias del ambiente
Q13116	Geografía
Q131164	Ciencias de la computación
Q131201	Comunicación y sociedad
Q131221	Comunicación visual y diseño
Q131449	Geografía
Q131524	Comunicación y sociedad
Q131594	Química
Q13166	Ciencias de la computación
Q131683	Biología
Q131719	Literatura
Q131752	Matemática
Q1317831	Lengua española
Q131805	Comunicación y sociedad
Q131808	Literatura
Q1318388	Geografía
Q1321131	Historia
Q132157	Comunicación y sociedad
Q13218676	Historia
Q1328015	Literatura
Q133032	Historia
Q133132	Historia
Q133235	Química
Q133250	Matemática
Q1333433	Comunicación visual y diseño
Q133641	Literatura
Q133732	Comunicación visual y diseño
Q133895	Biología
Q13405524	Historia
Q13407144	Ciencias de la computación
Q13416790	Comunicación y sociedad
Q134178	Historia
Q134189	Comunicación y sociedad
Q13420283	Historia
Q134221	Literatura
Q134237	Matemática
Q134267	Ciencias del ambiente
Q13468437	Historia
Q13475484	Lengua española
Q134783	Ciencias del ambiente
Q134840	Historia
Q134856	Química
Q1348910	Historia
Q1349158	Literatura
Q1352178	Literatura
Q13533728	Química
Q13582	Historia
Q1362030	Literatura
Q1362251	Comunicación visual y diseño
Q1364	Ciencias del ambiente
Q136407	Historia
Q1365292	Historia
Q1366302	Ciencias de la computación
Q1367590	Comunicación y sociedad
Q137056	Química
Q1370714	Tecnología
Q13741	Ciencias de la computación
Q1377174	Literatura
Q1378456	Historia
Q1378741	Ciencias del ambiente
Q1379344	Matemática
Q138246	[NULL]
Q1384267	Ciencias del ambiente
Q1385607	Lengua española
Q1390924	Literatura
Q1394	Historia
Q1394847	Literatura
Q1394860	Literatura
Q1399	Comunicación y sociedad
Q1401	Literatura
Q1401935	Matemática
Q1402	Literatura
Q1402059	Lengua española
Q1402912	Literatura
Q1403	Literatura
Q1403517	Física
Q1404472	Comunicación visual y diseño
Q1405	Historia
Q1406	Ciencias de la computación
Q140694	Comunicación y sociedad
Q1410	Geografía
Q1410539	Historia
Q1411112	Comunicación visual y diseño
Q14116	Ciencias de la computación
Q1412733	Historia
Q1413460	Comunicación visual y diseño
Q1415187	Comunicación y sociedad
Q14185	Literatura
Q1419215	Lengua española
Q142	Geografía
Q1420791	Historia
Q1421436	Historia
Q1422116	Geografía
Q1426186	Ciencias de la computación
Q1430	Comunicación y sociedad
Q1431376	Literatura
Q1435490	Historia
Q1436	Historia
Q14373	Geografía
Q14378	Literatura
Q1438	Geografía
Q1439991	Historia
Q144019	Biología
Q1443	Geografía
Q1447	Geografía
Q145	Geografía
Q1452	Geografía
Q145599	[NULL]
Q1456635	Historia
Q1457297	Literatura
Q1458	Geografía
Q1460	Geografía
Q146078	[NULL]
Q1462	Geografía
Q14620	Física
Q146233	[NULL]
Q1463832	Historia
Q1463845	Historia
Q1463941	Historia
Q146505	Química
Q14656	Ciencias de la computación
Q146786	Lengua española
Q1468684	Química
Q1468865	Comunicación y sociedad
Q146924	Historia
Q1469987	Literatura
Q147276	Lengua española
Q1473417	Literatura
Q1475560	Lengua española
Q147572	Matemática
Q14763008	Biología
Q1479995	Comunicación y sociedad
Q148	Geografía
Q148540	Historia
Q148836	Historia
Q148837	Historia
Q14890574	Ciencias del ambiente
Q148993	Geografía
Q14947899	Historia
Q149537	Literatura
Q1496	Historia
Q15	Geografía
Q1502460	Lengua española
Q1502853	[NULL]
Q150611	Historia
Q150642	Historia
Q1507074	Historia
Q150812	Historia
Q1508721	Ciencias de la computación
Q1509757	Matemática
Q15098088	Historia
Q1509829	Lengua española
Q151047	Comunicación visual y diseño
Q151060	Historia
Q151090	Historia
Q151340	Historia
Q15140913	Matemática
Q15140974	Historia
Q15141402	[NULL]
Q15141478	Comunicación y sociedad
Q1517200	Comunicación y sociedad
Q1517385	Historia
Q1517519	Literatura
Q151803	Comunicación visual y diseño
Q152	Biología
Q1520033	Lengua española
Q15212432	Historia
Q1522115	Comunicación y sociedad
Q15221996	Literatura
Q152415	Matemática
Q152509	Comunicación visual y diseño
Q152989	Historia
Q1530280	Biología
Q153034	Comunicación y sociedad
Q15316	Ciencias del ambiente
Q153232	Comunicación y sociedad
Q153650	Historia
Q153660	Historia
Q153670	Literatura
Q153688	Historia
Q153793	Comunicación visual y diseño
Q15402102	Literatura
Q1541	Comunicación y sociedad
Q1541064	Biología
Q154278	Historia
Q154340	Comunicación visual y diseño
Q154439	Historia
Q154611	Literatura
Q154720	Historia
Q154751	Comunicación y sociedad
Q154756	Literatura
Q154764	Historia
Q154954	Comunicación y sociedad
Q154959	Comunicación y sociedad
Q155	Geografía
Q1550557	Historia
Q155076	Comunicación y sociedad
Q155640	Ciencias del ambiente
Q155972	Ciencias de la computación
Q156	Química
Q156312	Historia
Q156733	Historia
Q1569011	Geografía
Q156986	[NULL]
Q157002	Matemática
Q1570124	Historia
Q1570397	Historia
Q1570510	Historia
Q15733698	Historia
Q157648	Historia
Q15777	Ciencias de la computación
Q15790	Comunicación visual y diseño
Q15792	Comunicación visual y diseño
Q158579	Ciencias del ambiente
Q158688	Matemática
Q15890801	Historia
Q159	Geografía
Q15912661	Historia
Q159226	Química
Q159297	Comunicación visual y diseño
Q159462	Biología
Q159719	Tecnología
Q15975	Comunicación y sociedad
Q159758	Comunicación visual y diseño
Q15978631	Historia
Q159810	Comunicación y sociedad
Q159905	Comunicación y sociedad
Q16	Geografía
Q160077	Historia
Q160091	Geografía
Q160149	Comunicación visual y diseño
Q160151	Comunicación y sociedad
Q16021	Matemática
Q160362	Comunicación y sociedad
Q160460	Comunicación y sociedad
Q160538	Comunicación visual y diseño
Q1605411	Historia
Q160590	Comunicación y sociedad
Q160710	Ciencias de la computación
Q1610116	Historia
Q161064	Química
Q16110	Comunicación y sociedad
Q1612119	Biología
Q161254	Física
Q161462	Física
Q161519	Matemática
Q161549	Historia
Q161635	Física
Q16166477	Literatura
Q161736	Lengua española
Q1618027	Literatura
Q161859	Historia
Q161933	Literatura
Q1621273	Química
Q162145	Comunicación y sociedad
Q162167	Ciencias del ambiente
Q162219	Ciencias del ambiente
Q162297	Historia
Q162362	Historia
Q162378	Lengua española
Q162401	Historia
Q162643	Biología
Q162657	Biología
Q16266320	Literatura
Q162668	Biología
Q162908	Química
Q1632269	Literatura
Q16323364	Literatura
Q163310	Ciencias de la computación
Q163740	Comunicación y sociedad
Q1638370	Literatura
Q163891	Historia
Q16399	Biología
Q164	Matemática
Q1641089	Comunicación y sociedad
Q164321	Matemática
Q164348	Historia
Q16438	Literatura
Q1645075	Biología
Q1645406	Matemática
Q164573	Lengua española
Q16482934	Comunicación y sociedad
Q165	Ciencias del ambiente
Q165005	Historia
Q165301	Matemática
Q165309	Matemática
Q16531303	Ciencias del ambiente
Q165425	Historia
Q16543336	Lengua española
Q165474	Matemática
Q165534	Literatura
Q165589	Comunicación y sociedad
Q1656724	Comunicación visual y diseño
Q165725	Historia
Q16577084	Comunicación y sociedad
Q165848	Ciencias del ambiente
Q16592298	Matemática
Q165939	Física
Q16605989	Comunicación y sociedad
Q166092	Historia
Q166154	Matemática
Q16619154	Literatura
Q166224	Historia
Q166231	Biología
Q166234	Literatura
Q1664027	Ciencias del ambiente
Q16656295	Comunicación visual y diseño
Q166564	Ciencias del ambiente
Q166656	Comunicación y sociedad
Q166764	Lengua española
Q166955	Comunicación y sociedad
Q167	Matemática
Q167198	Química
Q167287	Ciencias del ambiente
Q167336	Biología
Q167466	Geografía
Q1675084	Historia
Q167751	Biología
Q167903	Ciencias del ambiente
Q16817	Ciencias del ambiente
Q168182	Historia
Q168210	Ciencias de la computación
Q168691	Historia
Q168962	Literatura
Q169243	Comunicación y sociedad
Q169324	Biología
Q169336	Química
Q169759	Historia
Q169953	Biología
Q17	Geografía
Q170008	Matemática
Q170058	Matemática
Q170075	Comunicación y sociedad
Q170130	Ciencias de la computación
Q170153	Historia
Q170161	Historia
Q170181	Matemática
Q170196	Ciencias del ambiente
Q170239	Lengua española
Q170321	Ciencias del ambiente
Q170332	Ciencias del ambiente
Q170350	Ciencias del ambiente
Q1703635	Biología
Q170409	Química
Q170430	Ciencias del ambiente
Q170472	Comunicación y sociedad
Q170519	Ciencias de la computación
Q170541	Historia
Q170731	Química
Q170744	Química
Q170749	Física
Q170770	Historia
Q171	Ciencias de la computación
Q1710033	Comunicación y sociedad
Q171043	Historia
Q171407	Química
Q17161	Historia
Q17167	Historia
Q171677	Comunicación y sociedad
Q17169	Comunicación visual y diseño
Q1717246	Comunicación y sociedad
Q172008	Lengua española
Q172048	Literatura
Q172280	Química
Q172579	Historia
Q172599	Literatura
Q172771	Historia
Q17278	Matemática
Q17285	Matemática
Q172881	Física
Q172948	Química
Q172991	Historia
Q173100	Historia
Q173183	Ciencias de la computación
Q173212	Ciencias de la computación
Q173285	Ciencias de la computación
Q173523	Matemática
Q173527	Comunicación visual y diseño
Q173710	Biología
Q173817	Matemática
Q174211	Química
Q174306	Historia
Q174330	Comunicación visual y diseño
Q174361	Historia
Q174565	Lengua española
Q174728	Matemática
Q1747618	Comunicación visual y diseño
Q1747853	Ciencias de la computación
Q174929	Comunicación y sociedad
Q174948	Ciencias de la computación
Q174989	Ciencias de la computación
Q175036	Comunicación visual y diseño
Q17514	Comunicación visual y diseño
Q1753097	Ciencias de la computación
Q1753902	Literatura
Q1754072	Literatura
Q1754940	Historia
Q175582	Historia
Q175974	Química
Q176165	Ciencias de la computación
Q17628883	Matemática
Q176483	Comunicación visual y diseño
Q1765465	Historia
Q1765801	Comunicación y sociedad
Q1766450	Literatura
Q1768303	Literatura
Q177051	Matemática
Q177239	Matemática
Q177302	Comunicación visual y diseño
Q177449	Lengua española
Q1775415	Lengua española
Q177567	Geografía
Q177625	Química
Q177646	Matemática
Q177691	Lengua española
Q177692	Comunicación visual y diseño
Q177819	Historia
Q177854	Literatura
Q1778604	Historia
Q177918	Historia
Q177935	Biología
Q178043	Ciencias del ambiente
Q178048	Ciencias de la computación
Q1780774	Lengua española
Q178192	Física
Q178354	Historia
Q1783714	Lengua española
Q178476	Comunicación y sociedad
Q178540	Comunicación y sociedad
Q178605	Ciencias del ambiente
Q1786087	Química
Q178648	Ciencias de la computación
Q178668	Comunicación y sociedad
Q178694	Biología
Q178697	Química
Q178709	Comunicación y sociedad
Q178733	Física
Q178790	Historia
Q178803	Comunicación y sociedad
Q178890	Lengua española
Q178897	Historia
Q1789540	Comunicación y sociedad
Q178977	Ciencias del ambiente
Q179073	Comunicación y sociedad
Q179080	Lengua española
Q179164	Historia
Q179177	Ciencias del ambiente
Q179217	Biología
Q179230	Lengua española
Q179235	Comunicación y sociedad
Q179250	Historia
Q179380	Química
Q179388	Física
Q179436	Matemática
Q179541	Comunicación y sociedad
Q1796098	Comunicación visual y diseño
Q179635	Ciencias del ambiente
Q179684	Historia
Q179785	Comunicación y sociedad
Q179788	Historia
Q179840	Historia
Q179856	Química
Q179876	Historia
Q17996169	Física
Q179997	Historia
Q18	Geografía
Q180081	Literatura
Q180107	Comunicación y sociedad
Q180184	Ciencias del ambiente
Q180309	Lengua española
Q180388	Comunicación y sociedad
Q180544	Matemática
Q180548	Historia
Q180568	Historia
Q180600	Ciencias del ambiente
Q18081	Literatura
Q18084	Literatura
Q180907	Matemática
Q180927	Comunicación visual y diseño
Q180943	Ciencias de la computación
Q181026	Historia
Q181175	Física
Q181264	Historia
Q181328	Física
Q181365	Física
Q181404	Física
Q181551	Ciencias de la computación
Q181593	Ciencias de la computación
Q181658	Matemática
Q181767	Lengua española
Q181780	Química
Q182003	Matemática
Q182046	Comunicación visual y diseño
Q182062	Historia
Q182076	Comunicación y sociedad
Q182123	Comunicación y sociedad
Q182128	Comunicación y sociedad
Q182270	Ciencias de la computación
Q182274	Historia
Q182353	Biología
Q182527	Química
Q182664	Comunicación visual y diseño
Q182726	Biología
Q182854	Química
Q182865	Historia
Q18288972	Comunicación y sociedad
Q182897	Historia
Q182985	Comunicación y sociedad
Q183	Geografía
Q183039	Comunicación y sociedad
Q183065	Ciencias de la computación
Q183144	Comunicación y sociedad
Q183197	Ciencias de la computación
Q183225	Historia
Q183384	Comunicación y sociedad
Q183427	Ciencias de la computación
Q183725	Historia
Q184	Geografía
Q184183	Historia
Q184226	Comunicación y sociedad
Q184274	Ciencias del ambiente
Q1842924	Comunicación visual y diseño
Q184313	Historia
Q184382	Geografía
Q184395	Ciencias del ambiente
Q184500	Comunicación y sociedad
Q184550	Física
Q184554	Ciencias del ambiente
Q184558	Historia
Q184708	Comunicación y sociedad
Q184725	Historia
Q184754	Ciencias de la computación
Q184793	Ciencias de la computación
Q184876	Física
Q184890	Literatura
Q184928	Historia
Q184932	Lengua española
Q184996	Ciencias del ambiente
Q185077	[NULL]
Q185092	Ciencias de la computación
Q1851928	Comunicación y sociedad
Q185357	Física
Q185359	Matemática
Q185427	Literatura
Q18550	Historia
Q185565	Historia
Q185589	Biología
Q185598	Historia
Q185729	Historia
Q18578423	Historia
Q1858041	Literatura
Q185837	Matemática
Q18590159	Literatura
Q186018	Comunicación visual y diseño
Q186152	Ciencias de la computación
Q186162	Literatura
Q186167	Ciencias del ambiente
Q186202	Comunicación visual y diseño
Q186300	Física
Q186368	Ciencias del ambiente
Q186517	Ciencias del ambiente
Q186748	Comunicación visual y diseño
Q186885	Ciencias de la computación
Q187	Comunicación y sociedad
Q187149	Historia
Q187181	Biología
Q187215	Biología
Q187336	Historia
Q187520	Comunicación y sociedad
Q187650	Historia
Q187742	Historia
Q187819	Lengua española
Q187998	Literatura
Q188063	Historia
Q18817	Historia
Q188191	Matemática
Q188193	Biología
Q188267	Ciencias de la computación
Q188419	Geografía
Q18845397	Ciencias de la computación
Q188468	Historia
Q188485	Comunicación y sociedad
Q188494	Historia
Q18869	Geografía
Q188712	Historia
Q188719	Ciencias del ambiente
Q188804	Matemática
Q188843	Comunicación y sociedad
Q188862	Química
Q188883	Comunicación y sociedad
Q188909	Biología
Q188941	Biología
Q189	Geografía
Q1890411	Historia
Q189066	Comunicación y sociedad
Q189072	Historia
Q189088	Ciencias de la computación
Q189136	Matemática
Q189210	Ciencias de la computación
Q189266	Historia
Q189380	Comunicación y sociedad
Q189508	Historia
Q189520	Química
Q189597	Comunicación y sociedad
Q18965	Geografía
Q1898328	Lengua española
Q189967	Biología
Q1900125	Matemática
Q190070	Física
Q190107	Tecnología
Q190116	Comunicación visual y diseño
Q19013759	Comunicación y sociedad
Q190212	Lengua española
Q19024	Historia
Q190258	Comunicación y sociedad
Q190279	Comunicación y sociedad
Q190291	Física
Q190382	Química
Q190444	Química
Q190474	Química
Q190553	Biología
Q190557	Matemática
Q190656	Comunicación y sociedad
Q19081	Biología
Q19088	Ciencias del ambiente
Q190944	Comunicación y sociedad
Q191	Geografía
Q191086	Geografía
Q191089	Literatura
Q191218	Ciencias del ambiente
Q191324	Historia
Q191359	Comunicación y sociedad
Q191390	Química
Q19140289	Literatura
Q191489	Literatura
Q191624	Historia
Q191776	Comunicación y sociedad
Q191785	Química
Q191850	Literatura
Q191884	Matemática
Q191890	Literatura
Q191934	Ciencias del ambiente
Q192050	Historia
Q192222	Comunicación visual y diseño
Q192270	Comunicación y sociedad
Q192292	Comunicación y sociedad
Q1923028	Lengua española
Q192311	Comunicación y sociedad
Q192313	Comunicación y sociedad
Q192374	Comunicación y sociedad
Q192388	Física
Q192439	Matemática
Q192447	Comunicación y sociedad
Q192488	Comunicación visual y diseño
Q192525	Ciencias de la computación
Q192560	Biología
Q192627	Ciencias del ambiente
Q192630	Historia
Q192690	Química
Q192735	Física
Q192788	Física
Q192796	Comunicación y sociedad
Q192841	Historia
Q19287983	Literatura
Q192886	Comunicación y sociedad
Q192995	Ciencias del ambiente
Q193058	Literatura
Q193068	Química
Q193168	Historia
Q193217	Literatura
Q193235	Historia
Q193236	Literatura
Q193254	Historia
Q193270	Historia
Q193286	Matemática
Q193422	Comunicación visual y diseño
Q193523	Química
Q193547	Historia
Q1935489	Literatura
Q193623	Matemática
Q1937490	Comunicación visual y diseño
Q193769	Comunicación y sociedad
Q193796	Matemática
Q193846	Física
Q193885	Matemática
Q193927	Ciencias del ambiente
Q194029	Historia
Q194277	Biología
Q194404	Matemática
Q1945600	Geografía
Q19541	Ciencias de la computación
Q19557	Química
Q19563	Química
Q19596	Química
Q19600	Química
Q19609	Química
Q19622368	Literatura
Q196502	Historia
Q196538	Física
Q1968864	Comunicación y sociedad
Q1971429	Matemática
Q198	Comunicación y sociedad
Q19814	Literatura
Q19819479	[NULL]
Q19821	Matemática
Q19828	Historia
Q1983009	Literatura
Q1987553	Geografía
Q1988505	Historia
Q19885988	Historia
Q19933904	Química
Q199403	Biología
Q199588	Literatura
Q19960681	Historia
Q199820	Historia
Q19984772	Literatura
Q19985151	Matemática
Q1998646	Comunicación y sociedad
Q199955	Historia
Q2	Ciencias del ambiente
Q20	Geografía
Q200034	Comunicación visual y diseño
Q20009493	[NULL]
Q20010053	Comunicación visual y diseño
Q2001617	Geografía
Q200227	Matemática
Q200286	Química
Q200435	Comunicación y sociedad
Q200464	Historia
Q200565	Historia
Q200779	Biología
Q200790	Historia
Q201038	Historia
Q201339	Ciencias de la computación
Q201456	Ciencias de la computación
Q201559	Historia
Q201620	Historia
Q201684	Historia
Q202142	[NULL]
Q2022	Literatura
Q202207	Geografía
Q2022868	Biología
Q202444	Lengua española
Q202558	Historia
Q202805	Matemática
Q2029841	Comunicación y sociedad
Q203066	Matemática
Q2030685	Comunicación visual y diseño
Q203445	Comunicación y sociedad
Q2035846	Física
Q2037576	Historia
Q203824	Historia
Q2038843	Literatura
Q204037	Matemática
Q204058	Literatura
Q2041172	Tecnología
Q204554	Tecnología
Q205	Matemática
Q205034	Matemática
Q205084	Ciencias de la computación
Q205259	Comunicación visual y diseño
Q2054	Comunicación y sociedad
Q205665	Comunicación y sociedad
Q206049	Matemática
Q206229	Biología
Q206285	Comunicación visual y diseño
Q20630333	Literatura
Q206913	Biología
Q20702	Física
Q2073517	Historia
Q207449	Historia
Q207509	Lengua española
Q207648	Matemática
Q207929	Comunicación visual y diseño
Q2080788	Literatura
Q208208	Comunicación visual y diseño
Q208216	Matemática
Q208238	Comunicación y sociedad
Q20823810	Comunicación y sociedad
Q208348	Química
Q208465	Química
Q208701	Historia
Q208742	Historia
Q208758	Comunicación visual y diseño
Q208791	Ciencias del ambiente
Q209	Matemática
Q209082	Química
Q210	Matemática
Q210189	Historia
Q210539	Ciencias del ambiente
Q210546	Física
Q210854	Literatura
Q210947	Comunicación y sociedad
Q211	Geografía
Q21100485	Biología
Q2110225	Historia
Q211101	Lengua española
Q211459	Matemática
Q211496	Ciencias de la computación
Q2116320	Historia
Q211674	Historia
Q211675	Biología
Q21192549	Literatura
Q21192987	Comunicación y sociedad
Q21193084	Comunicación y sociedad
Q211935	Biología
Q21198	Ciencias de la computación
Q21199	Matemática
Q212	Geografía
Q212079	Historia
Q212114	Comunicación y sociedad
Q212126	Física
Q212141	Comunicación y sociedad
Q2121876	Comunicación visual y diseño
Q21235336	Geografía
Q212542	Ciencias de la computación
Q212616	Comunicación visual y diseño
Q212667	Literatura
Q212794	Matemática
Q213	Geografía
Q213185	Química
Q213449	Ciencias del ambiente
Q213457	Literatura
Q213482	Literatura
Q214	Geografía
Q214078	Literatura
Q214100	Historia
Q214115	Comunicación y sociedad
Q2142166	Comunicación y sociedad
Q2142347	Biología
Q214609	Tecnología
Q214816	Comunicación y sociedad
Q215	Geografía
Q215007	Física
Q215198	Literatura
Q215206	Ciencias de la computación
Q215382	Matemática
Q216042	Lengua española
Q216200	Comunicación y sociedad
Q216320	Física
Q2164653	Comunicación visual y diseño
Q216478	Literatura
Q216582	Literatura
Q216601	Ciencias de la computación
Q21670147	Literatura
Q216818	Biología
Q216989	Geografía
Q217	Geografía
Q217113	Física
Q217175	Comunicación visual y diseño
Q217196	Historia
Q217200	Historia
Q217981	Historia
Q218	Geografía
Q2185042	Comunicación visual y diseño
Q218678	Historia
Q219	Geografía
Q219060	Geografía
Q219142	Física
Q2192	Ciencias de la computación
Q219207	Física
Q219447	Historia
Q219491	Literatura
Q219817	Historia
Q219934	Historia
Q220089	Química
Q220563	Comunicación y sociedad
Q220596	Historia
Q220849	Ciencias de la computación
Q220859	Comunicación visual y diseño
Q220984	Historia
Q221	Geografía
Q221043	Comunicación visual y diseño
Q222	Geografía
Q2225	Química
Q22341188	Lengua española
Q223569	Comunicación y sociedad
Q2236765	Comunicación y sociedad
Q223679	Ciencias de la computación
Q2236965	Comunicación y sociedad
Q223723	Historia
Q223725	Comunicación visual y diseño
Q223750	Comunicación visual y diseño
Q223767	Historia
Q2238230	Literatura
Q224	Geografía
Q224055	Ciencias de la computación
Q2245347	Comunicación visual y diseño
Q2245489	Comunicación visual y diseño
Q2246931	Literatura
Q2249636	Literatura
Q225	Geografía
Q2250271	Literatura
Q2253464	Historia
Q2258559	Matemática
Q2260521	Historia
Q226183	Matemática
Q22633	Historia
Q22645	Ciencias de la computación
Q22656	Ciencias del ambiente
Q22664	Geografía
Q22687	Comunicación y sociedad
Q22688	Comunicación y sociedad
Q2269	Historia
Q2271183	Literatura
Q22716	Lengua española
Q2272119	Historia
Q22738	Comunicación y sociedad
Q227564	Biología
Q2277	Historia
Q2279483	Literatura
Q228	Geografía
Q228197	Geografía
Q228201	Geografía
Q228284	Historia
Q2289594	Historia
Q229	Geografía
Q229102	Matemática
Q229367	Ciencias de la computación
Q2294	Química
Q2294393	Comunicación visual y diseño
Q2297853	Física
Q2301091	Historia
Q230533	Historia
Q2305665	Física
Q230731	Química
Q230937	Química
Q231781	Literatura
Q232	Geografía
Q232207	Ciencias de la computación
Q232913	Literatura
Q233	Geografía
Q2334391	Geografía
Q233711	Comunicación y sociedad
Q23380	Comunicación visual y diseño
Q23384	Ciencias del ambiente
Q23387	Historia
Q23392	Ciencias del ambiente
Q23397	Geografía
Q2342867	Historia
Q2348	Química
Q235	Geografía
Q23522	Geografía
Q2352880	Comunicación visual y diseño
Q2353775	Historia
Q23540	Historia
Q23559	Historia
Q2356529	Literatura
Q2356542	Química
Q2357153	Comunicación visual y diseño
Q236	Geografía
Q2362761	Química
Q2364239	Historia
Q2366155	Química
Q237	Geografía
Q237131	Historia
Q23718	Geografía
Q237789	Comunicación y sociedad
Q238	Geografía
Q23808	Ciencias de la computación
Q23809	Química
Q238231	Matemática
Q23852	Biología
Q2386606	Comunicación y sociedad
Q2397918	Literatura
Q2403074	Lengua española
Q240576	Literatura
Q2407	Ciencias de la computación
Q241	Geografía
Q241059	Historia
Q241087	Literatura
Q241284	Ciencias del ambiente
Q2413988	Historia
Q2419844	Biología
Q242069	Tecnología
Q242095	Literatura
Q242125	Biología
Q2422375	Historia
Q242352	Historia
Q2424752	Comunicación y sociedad
Q242644	Historia
Q2426831	Comunicación y sociedad
Q242767	Matemática
Q243240	Comunicación visual y diseño
Q243721	Historia
Q243723	Matemática
Q24384	Historia
Q244145	Biología
Q244326	Geografía
Q244752	Comunicación y sociedad
Q244761	Matemática
Q2450161	Literatura
Q245031	Química
Q245260	Geografía
Q245423	Lengua española
Q2457695	Literatura
Q245992	Comunicación y sociedad
Q2465530	Literatura
Q2472587	Geografía
Q2476047	Comunicación y sociedad
Q248137	Historia
Q2481895	Física
Q2487	Historia
Q2487023	Comunicación visual y diseño
Q24905	Lengua española
Q24933000	Historia
Q2494008	Comunicación visual y diseño
Q24940421	Comunicación y sociedad
Q24962887	Comunicación y sociedad
Q250	Ciencias de la computación
Q250414	Literatura
Q251	Ciencias de la computación
Q25106	Literatura
Q2511733	Lengua española
Q25120	Literatura
Q251355	Historia
Q2517983	Historia
Q252	Geografía
Q25235	Historia
Q25241	Biología
Q25257	Ciencias del ambiente
Q25261	Ciencias del ambiente
Q25276	Química
Q25288	Física
Q25314	Biología
Q25322	Geografía
Q25328	Comunicación visual y diseño
Q25342	Física
Q2535546	Comunicación visual y diseño
Q25358	Ciencias del ambiente
Q253684	Historia
Q25399103	Comunicación y sociedad
Q2541435	Literatura
Q254183	Ciencias de la computación
Q2542563	Comunicación y sociedad
Q254329	Química
Q25445	Historia
Q254982	Comunicación y sociedad
Q2553591	Historia
Q255368	Literatura
Q25546	Historia
Q25619773	Lengua española
Q2566559	Literatura
Q256922	Literatura
Q2571696	Literatura
Q2577303	Historia
Q257758	Historia
Q258	Geografía
Q258369	Comunicación y sociedad
Q2585623	Comunicación y sociedad
Q2602944	Historia
Q2604547	Historia
Q2604642	Historia
Q26082	Comunicación visual y diseño
Q2608426	Química
Q2608489	Historia
Q262	Geografía
Q2623458	Ciencias del ambiente
Q262525	Comunicación y sociedad
Q2630581	Literatura
Q2632167	Ciencias del ambiente
Q2635326	Ciencias de la computación
Q2636432	Comunicación y sociedad
Q26382	Matemática
Q26388	Ciencias del ambiente
Q26401	Matemática
Q264028	Comunicación y sociedad
Q2640512	Ciencias del ambiente
Q2641199	Literatura
Q2641256	Comunicación y sociedad
Q2641504	Literatura
Q264164	Ciencias de la computación
Q2642081	Física
Q264592	Comunicación y sociedad
Q2648497	Lengua española
Q26513	Ciencias del ambiente
Q265236	Comunicación y sociedad
Q265868	Biología
Q2661322	Química
Q2663007	Literatura
Q266459	Literatura
Q2666904	Biología
Q26702	Historia
Q2672914	Ciencias del ambiente
Q267298	Química
Q267304	Historia
Q2674302	Comunicación y sociedad
Q267596	Comunicación visual y diseño
Q268166	Literatura
Q2694178	Comunicación visual y diseño
Q27	Geografía
Q270227	Literatura
Q2704282	Matemática
Q2704619	Química
Q2707809	Biología
Q2708273	Historia
Q271580	Química
Q2717283	Comunicación y sociedad
Q2717398	Historia
Q271814	Literatura
Q271855	Comunicación y sociedad
Q272119	Comunicación y sociedad
Q27273707	Comunicación visual y diseño
Q272777	Comunicación visual y diseño
Q273120	Historia
Q273182	Historia
Q273328	Matemática
Q273348	Historia
Q2733908	Comunicación y sociedad
Q27381	Geografía
Q2738835	Geografía
Q27394	Geografía
Q27407	Geografía
Q274116	Química
Q27433	Geografía
Q274404	Literatura
Q274511	Química
Q27468	Geografía
Q275051	Historia
Q275131	Ciencias de la computación
Q275411	Química
Q275447	Matemática
Q275918	Historia
Q275979	Literatura
Q2760651	Comunicación visual y diseño
Q27611	Geografía
Q2763	Historia
Q27645	Historia
Q27716	[NULL]
Q277560	Historia
Q2778917	Literatura
Q27809	Matemática
Q27955084	Lengua española
Q28	Geografía
Q2802178	Matemática
Q28113351	Matemática
Q2824480	Lengua española
Q2827083	Literatura
Q283	Ciencias del ambiente
Q283102	Historia
Q283364	Historia
Q2838118	Historia
Q2838189	Historia
Q28491	Literatura
Q2850020	Biología
Q2853205	Historia
Q2855609	Comunicación y sociedad
Q28567	Historia
Q28573	Historia
Q28598	Biología
Q2864673	Comunicación visual y diseño
Q28653	Historia
Q28669829	Literatura
Q287	Tecnología
Q28730	Literatura
Q28784	Química
Q2884586	Comunicación visual y diseño
Q289285	Historia
Q29	Geografía
Q290720	Historia
Q29175	Matemática
Q2945123	Física
Q2946	Historia
Q29473	Literatura
Q2949884	Historia
Q2949890	Historia
Q29521085	Literatura
Q29539	Física
Q29548	Biología
Q29581660	Comunicación y sociedad
Q296	Comunicación visual y diseño
Q296244	Literatura
Q296272	Literatura
Q297	Comunicación visual y diseño
Q297190	Historia
Q2976560	Ciencias del ambiente
Q2979	Comunicación y sociedad
Q2981644	Ciencias del ambiente
Q29867336	Biología
Q298729	Literatura
Q2989771	Historia
Q2990574	Lengua española
Q29996	Ciencias del ambiente
Q30	Geografía
Q3007315	Historia
Q300914	Ciencias de la computación
Q3010313	Comunicación visual y diseño
Q301920	Ciencias del ambiente
Q30198	Geografía
Q3021244	Literatura
Q302218	Literatura
Q3028597	Historia
Q3030513	Comunicación y sociedad
Q30404748	Historia
Q3044	Historia
Q304479	Matemática
Q304546	Historia
Q30487	Historia
Q305176	Historia
Q305186	Comunicación y sociedad
Q3057447	Física
Q3064117	Matemática
Q3064603	Matemática
Q3064604	Matemática
Q306786	Química
Q307	Física
Q30755	Comunicación visual y diseño
Q3079079	Geografía
Q3080284	Matemática
Q30849	Ciencias de la computación
Q30888465	Historia
Q30890756	Historia
Q30894408	Lengua española
Q30898828	Comunicación y sociedad
Q309157	Ciencias de la computación
Q309579	Comunicación visual y diseño
Q309786	Literatura
Q309818	Comunicación y sociedad
Q31	Geografía
Q310916	Comunicación y sociedad
Q311287	Literatura
Q311674	Literatura
Q311802	Literatura
Q3118964	Historia
Q3119190	Historia
Q312392	Comunicación visual y diseño
Q312617	Comunicación visual y diseño
Q313600	Física
Q3136905	Historia
Q314488	Comunicación y sociedad
Q314677	Literatura
Q3151690	Historia
Q315357	Comunicación y sociedad
Q316559	Comunicación y sociedad
Q316876	Literatura
Q317098	Comunicación y sociedad
Q317142	Literatura
Q317267	Literatura
Q318	Ciencias del ambiente
Q318394	Comunicación visual y diseño
Q3185305	Historia
Q318787	Comunicación y sociedad
Q31929	Historia
Q319557	Literatura
Q319622	Comunicación y sociedad
Q319891	Historia
Q32	Geografía
Q3200440	Historia
Q320388	Química
Q3204179	Literatura
Q32043	Matemática
Q3209720	Literatura
Q32098	Comunicación y sociedad
Q321	Ciencias del ambiente
Q3210444	Literatura
Q321219	Historia
Q321245	Comunicación visual y diseño
Q3220391	Ciencias de la computación
Q3221445	Literatura
Q322666	Matemática
Q323	Ciencias del ambiente
Q3230	Ciencias del ambiente
Q3231688	Literatura
Q3233315	Literatura
Q3240252	Ciencias de la computación
Q3242046	Comunicación y sociedad
Q32500	Historia
Q3250296	Matemática
Q32518	Lengua española
Q3251801	Ciencias de la computación
Q325519	Química
Q325656	Historia
Q3258694	Historia
Q327675	Ciencias de la computación
Q328293	Comunicación y sociedad
Q32833	Literatura
Q328747	Literatura
Q3294789	Ciencias del ambiente
Q329838	Historia
Q32993	Historia
Q33	Geografía
Q331439	Geografía
Q332489	Literatura
Q332626	Historia
Q3330103	Historia
Q3338723	Historia
Q334154	Comunicación y sociedad
Q334188	Literatura
Q33456	Matemática
Q33477	Comunicación visual y diseño
Q335234	Tecnología
Q33540	Matemática
Q3354732	Comunicación visual y diseño
Q3358290	Matemática
Q3359409	Geografía
Q336	Biología
Q3365552	Historia
Q337120	Química
Q337311	Comunicación y sociedad
Q3374400	Comunicación visual y diseño
Q33745	Historia
Q337547	Historia
Q338	Ciencias del ambiente
Q338257	Lengua española
Q33829	Geografía
Q338478	Literatura
Q3388095	Literatura
Q339072	Ciencias de la computación
Q3392	Historia
Q3394849	Química
Q33971	Ciencias del ambiente
Q34	Geografía
Q34027	Ciencias del ambiente
Q3407566	Lengua española
Q3417663	Historia
Q3428776	Ciencias de la computación
Q344	Historia
Q34417	Historia
Q34503	Historia
Q34508	Tecnología
Q3454555	Biología
Q34581	Biología
Q34618	Comunicación visual y diseño
Q34636	Comunicación visual y diseño
Q34698	Lengua española
Q347	Geografía
Q3473948	Literatura
Q34740	Ciencias del ambiente
Q34777	Historia
Q34793275	Lengua española
Q3484042	Literatura
Q3487980	Comunicación y sociedad
Q35	Geografía
Q3502541	Lengua española
Q3502544	Lengua española
Q3502553	Lengua española
Q35032	Historia
Q350781	Literatura
Q3510521	Ciencias de la computación
Q35127	Ciencias de la computación
Q352	Historia
Q35222	Literatura
Q35314	Historia
Q35355	Historia
Q3538152	Literatura
Q355472	Historia
Q35548	Comunicación visual y diseño
Q3557053	Historia
Q3559	Ciencias del ambiente
Q356711	Historia
Q356954	Comunicación y sociedad
Q35758	Ciencias del ambiente
Q35798	Comunicación y sociedad
Q35802	Comunicación y sociedad
Q35865	Comunicación y sociedad
Q3588	Historia
Q35942	Geografía
Q35966	Historia
Q36	Geografía
Q3602853	Literatura
Q3602986	Literatura
Q3603993	Literatura
Q3606519	[NULL]
Q3606520	[NULL]
Q3606523	Lengua española
Q3606525	Lengua española
Q3607564	Literatura
Q361	Historia
Q3612319	Literatura
Q3612364	Literatura
Q36133	Ciencias del ambiente
Q3614420	Comunicación y sociedad
Q3614629	Literatura
Q3614974	Literatura
Q3614985	Lengua española
Q3614989	Lengua española
Q36161	Matemática
Q3617415	Matemática
Q362	Historia
Q3620859	Literatura
Q3621595	Comunicación visual y diseño
Q3621603	Comunicación visual y diseño
Q36224	Lengua española
Q3624106	Historia
Q3624124	Historia
Q3624131	Comunicación visual y diseño
Q3624151	Comunicación visual y diseño
Q3624153	Historia
Q3624154	Comunicación visual y diseño
Q3624161	Comunicación visual y diseño
Q3624391	Comunicación y sociedad
Q36244	Lengua española
Q36253	Matemática
Q3625580	Comunicación y sociedad
Q3627284	Historia
Q36288	Historia
Q3629172	Comunicación y sociedad
Q3629385	[NULL]
Q36303	Comunicación y sociedad
Q3630915	Historia
Q3631250	Lengua española
Q36330	Comunicación y sociedad
Q363404	Comunicación y sociedad
Q3639759	Historia
Q36422	Historia
Q36477	Ciencias del ambiente
Q36484	Lengua española
Q3649503	Historia
Q36496	Química
Q3650501	Matemática
Q36534	Química
Q3655711	Literatura
Q3655724	Literatura
Q3658348	Historia
Q366270	Literatura
Q3664263	Literatura
Q3664678	Historia
Q3664681	Historia
Q3667928	Historia
Q36732	Ciencias del ambiente
Q36756	Historia
Q3676454	Literatura
Q3676496	Ciencias del ambiente
Q3676498	Ciencias del ambiente
Q3677192	Historia
Q3678183	Literatura
Q3679730	Comunicación y sociedad
Q3680468	Literatura
Q36810	Matemática
Q368206	Literatura
Q3684237	Literatura
Q3685146	Lengua española
Q3685147	[NULL]
Q3685150	Lengua española
Q3685151	Lengua española
Q3685153	Lengua española
Q3685154	Lengua española
Q3685155	Lengua española
Q3685156	Lengua española
Q3685157	Lengua española
Q3685158	Lengua española
Q3685159	Lengua española
Q3685160	Lengua española
Q3685162	Lengua española
Q3685163	Lengua española
Q3685168	Lengua española
Q3685169	Lengua española
Q3685171	Lengua española
Q3686031	Química
Q3686204	Literatura
Q368639	Química
Q3686414	Lengua española
Q3686839	[NULL]
Q3687261	Literatura
Q3687301	Comunicación y sociedad
Q3687318	Comunicación y sociedad
Q3699	Historia
Q3699374	[NULL]
Q3699556	Comunicación visual y diseño
Q37	Geografía
Q37045	Ciencias de la computación
Q37068	Comunicación visual y diseño
Q3708094	Historia
Q3709055	Comunicación y sociedad
Q3709090	Comunicación y sociedad
Q3709150	Comunicación y sociedad
Q3710001	Matemática
Q3710003	Matemática
Q3710006	Matemática
Q3710007	Matemática
Q3710008	Matemática
Q37105	Matemática
Q3712200	Comunicación y sociedad
Q3712790	Comunicación y sociedad
Q3713933	Literatura
Q37147	Química
Q3714733	Comunicación y sociedad
Q37160	Comunicación y sociedad
Q37187	Ciencias del ambiente
Q3718728	Historia
Q3718889	Literatura
Q37221	Matemática
Q3724493	Literatura
Q3726248	Comunicación y sociedad
Q3730656	Literatura
Q3730666	Literatura
Q3730872	Matemática
Q3730878	Matemática
Q3730882	Matemática
Q3730901	Matemática
Q3731066	Literatura
Q3733063	Historia
Q3734048	Historia
Q3734051	Historia
Q3734806	Historia
Q37388	Comunicación y sociedad
Q37394	Geografía
Q3739874	Geografía
Q3743412	Literatura
Q3745515	Comunicación y sociedad
Q37470	Comunicación y sociedad
Q3747503	Comunicación y sociedad
Q3747514	Comunicación y sociedad
Q3748031	Geografía
Q3748032	Geografía
Q3748186	Ciencias del ambiente
Q3748394	Matemática
Q3748395	Matemática
Q3748907	Física
Q3749017	Historia
Q3751591	Literatura
Q3752897	Historia
Q37555	Matemática
Q37560	Literatura
Q37562	Comunicación visual y diseño
Q37571	Comunicación visual y diseño
Q37577	Comunicación y sociedad
Q375998	Literatura
Q376	Historia
Q3760348	Matemática
Q3760900	Comunicación y sociedad
Q3761391	Ciencias de la computación
Q37621	Comunicación y sociedad
Q3762204	Literatura
Q37654	Comunicación y sociedad
Q37693	Comunicación visual y diseño
Q3771771	Literatura
Q3772477	Literatura
Q3773812	Historia
Q37739	Historia
Q3773955	Historia
Q3773971	Comunicación y sociedad
Q3774124	Lengua española
Q37748	Biología
Q3778681	Historia
Q37813	Biología
Q37853	Literatura
Q378645	Literatura
Q378658	Literatura
Q37868	Ciencias del ambiente
Q378706	Comunicación y sociedad
Q378751	Química
Q3790944	Literatura
Q3791315	Literatura
Q3791396	Literatura
Q3792578	Literatura
Q3792632	Literatura
Q3792638	Literatura
Q3792984	Literatura
Q3793899	Literatura
Q3794211	Literatura
Q3795058	Literatura
Q3795119	Literatura
Q3795657	Literatura
Q3796473	Comunicación y sociedad
Q3796476	Comunicación y sociedad
Q3797326	Literatura
Q3797511	Comunicación y sociedad
Q3797566	Comunicación y sociedad
Q3798919	Literatura
Q3799475	[NULL]
Q38	Geografía
Q380023	Lengua española
Q380057	Lengua española
Q3800893	Historia
Q3801281	Literatura
Q3802136	Comunicación y sociedad
Q38035	Lengua española
Q3804209	Literatura
Q38066	Comunicación y sociedad
Q380933	Lengua española
Q380971	Ciencias del ambiente
Q3814255	Historia
Q3817873	Literatura
Q3817893	Literatura
Q38193	Comunicación y sociedad
Q3821511	Literatura
Q3821715	Literatura
Q3821831	Literatura
Q3822537	Literatura
Q3822884	Literatura
Q3822967	Literatura
Q3823572	Literatura
Q3823759	Literatura
Q3823943	Literatura
Q3824693	Literatura
Q38272	Geografía
Q3828360	Literatura
Q3828598	Literatura
Q382861	Historia
Q3828908	Literatura
Q3829715	Historia
Q3829739	Comunicación y sociedad
Q3829748	Comunicación y sociedad
Q3829749	Biología
Q3829752	Química
Q3829757	Biología
Q3831119	Literatura
Q3831189	Literatura
Q3831756	Comunicación y sociedad
Q3832507	Comunicación y sociedad
Q3832975	Literatura
Q3833332	Literatura
Q38370	Historia
Q383973	Tecnología
Q3840065	Química
Q384014	Comunicación y sociedad
Q38433	Física
Q385239	Historia
Q38526	Matemática
Q3853760	Historia
Q385378	Geografía
Q3855153	Literatura
Q3858037	Literatura
Q3858501	Comunicación y sociedad
Q3859450	Historia
Q3863	Ciencias del ambiente
Q3866233	Literatura
Q3866304	Ciencias del ambiente
Q3866451	Literatura
Q3866557	Ciencias del ambiente
Q3869127	Literatura
Q3873325	Comunicación visual y diseño
Q38768	Ciencias del ambiente
Q3877913	Lengua española
Q3878016	Literatura
Q388	Ciencias de la computación
Q3880609	Literatura
Q3880858	Literatura
Q3880861	Literatura
Q3884062	Literatura
Q3884066	Literatura
Q3884075	Literatura
Q3884076	Literatura
Q3884085	Literatura
Q3884093	Literatura
Q3884099	Literatura
Q3885112	Comunicación y sociedad
Q3885626	Comunicación y sociedad
Q3885695	Historia
Q3885696	Historia
Q3886299	Lengua española
Q3886794	Literatura
Q38918	Matemática
Q389380	Literatura
Q3895154	Literatura
Q3896644	[NULL]
Q3896851	Historia
Q3897842	Literatura
Q389813	Matemática
Q38994	Geografía
Q3899885	[NULL]
Q3899904	Lengua española
Q3899915	[NULL]
Q39	Geografía
Q3902076	Literatura
Q3902653	Literatura
Q3902654	Literatura
Q390557	Ciencias de la computación
Q3906988	Literatura
Q3906998	Literatura
Q3907003	Literatura
Q3907449	Historia
Q3909444	Ciencias de la computación
Q3909466	Literatura
Q3910094	Lengua española
Q3911174	Biología
Q3913	Ciencias de la computación
Q391511	Historia
Q3921569	Historia
Q3921587	Lengua española
Q3921589	[NULL]
Q3921592	[NULL]
Q3921796	Literatura
Q3922436	Historia
Q3923912	Lengua española
Q3923913	[NULL]
Q3923915	Lengua española
Q3923993	[NULL]
Q3923994	[NULL]
Q3923995	[NULL]
Q3923997	[NULL]
Q3923998	[NULL]
Q3923999	Lengua española
Q3924002	[NULL]
Q3924006	Lengua española
Q3924007	[NULL]
Q3924009	[NULL]
Q3924012	[NULL]
Q3924013	Lengua española
Q3924014	Lengua española
Q3924015	Lengua española
Q3924016	Lengua española
Q3924018	[NULL]
Q3924019	[NULL]
Q3924020	[NULL]
Q3924021	Lengua española
Q3924022	Lengua española
Q3924023	[NULL]
Q3924076	Literatura
Q3926560	Matemática
Q3926645	Literatura
Q3927097	[NULL]
Q3927678	Literatura
Q3927762	Comunicación y sociedad
Q3927887	[NULL]
Q3929379	Literatura
Q39297	Física
Q3930234	Historia
Q3930272	Matemática
Q3931202	Química
Q3931574	Historia
Q3931588	Historia
Q3932296	Ciencias de la computación
Q3935126	Literatura
Q3935349	Historia
Q3935840	Literatura
Q3935849	Literatura
Q3937297	Literatura
Q3938047	Historia
Q3938059	Historia
Q394	Física
Q39427	Comunicación visual y diseño
Q3950773	Literatura
Q3950814	Literatura
Q3951866	Ciencias de la computación
Q3952676	Matemática
Q3953977	Lengua española
Q3953978	[NULL]
Q3953983	[NULL]
Q3954040	Literatura
Q39546	Tecnología
Q39552	Física
Q3955454	Literatura
Q39572	Biología
Q3958154	Literatura
Q3960105	Ciencias de la computación
Q3960106	Ciencias de la computación
Q3961444	Historia
Q3962	Ciencias de la computación
Q3962179	Matemática
Q3962183	Matemática
Q3964389	Literatura
Q3965152	Comunicación y sociedad
Q3966	Ciencias de la computación
Q3966553	Literatura
Q3968617	Comunicación y sociedad
Q3968632	Comunicación y sociedad
Q3968723	Comunicación y sociedad
Q397	[NULL]
Q39731	Geografía
Q3974136	Literatura
Q3975713	Historia
Q3975763	Historia
Q3976804	Literatura
Q3978557	Historia
Q3980923	Literatura
Q3982439	Literatura
Q3983121	Ciencias del ambiente
Q39833	Biología
Q39837	Comunicación y sociedad
Q3983979	Matemática
Q3983985	Matemática
Q3984001	Matemática
Q3984062	Matemática
Q3984067	Matemática
Q3984773	Comunicación y sociedad
Q3984890	Lengua española
Q3984892	[NULL]
Q39931	Comunicación visual y diseño
Q3997732	Matemática
Q3998560	Matemática
Q3998572	Historia
Q3998573	Matemática
Q40	Geografía
Q40015	Ciencias del ambiente
Q4003208	Literatura
Q4004349	Literatura
Q4004472	Literatura
Q40056	Ciencias de la computación
Q4006	Geografía
Q4006171	Literatura
Q4006386	Comunicación visual y diseño
Q4009863	[NULL]
Q4009866	Lengua española
Q4009868	[NULL]
Q401	Historia
Q4010225	Literatura
Q40112	Matemática
Q4011400	Ciencias de la computación
Q4011409	Tecnología
Q40157	Ciencias del ambiente
Q40164	Física
Q40171	Historia
Q40185	Literatura
Q4022	Geografía
Q4024389	Literatura
Q40260	Biología
Q40276	Matemática
Q4029560	Historia
Q403	Geografía
Q40397	Biología
Q40415	Comunicación visual y diseño
Q405	Ciencias del ambiente
Q40591	Comunicación y sociedad
Q40599	Comunicación visual y diseño
Q40614	Ciencias del ambiente
Q40631	Ciencias del ambiente
Q407142	Química
Q40754	Matemática
Q40763	Biología
Q408	Geografía
Q40936	Química
Q40949	Historia
Q41	Geografía
Q41088690	Química
Q41118	Matemática
Q41137	Historia
Q4115173	Historia
Q41155	Comunicación y sociedad
Q41159	Matemática
Q41171	Comunicación y sociedad
Q41207	Comunicación y sociedad
Q41273	Física
Q41299	Matemática
Q41304	Historia
Q414	Geografía
Q41500	Ciencias del ambiente
Q41509	Química
Q41550	Comunicación y sociedad
Q41568	Comunicación y sociedad
Q41581	Química
Q41630	Comunicación y sociedad
Q41642	Historia
Q41760	Biología
Q41796	Lengua española
Q418	Geografía
Q41803	Matemática
Q4182287	Ciencias de la computación
Q41866	Historia
Q419	Geografía
Q41931	Comunicación visual y diseño
Q41980	Comunicación y sociedad
Q4198718	Comunicación visual y diseño
Q420	Biología
Q42005	Historia
Q42008	Comunicación y sociedad
Q42045	Ciencias del ambiente
Q4213	Física
Q42138	Comunicación y sociedad
Q42156	Comunicación y sociedad
Q42195	Comunicación visual y diseño
Q42207	Comunicación visual y diseño
Q422106	Biología
Q42213	Física
Q42225	Geografía
Q42244	Biología
Q42278	Ciencias del ambiente
Q422812	Biología
Q423	Geografía
Q423189	Matemática
Q42320	Geografía
Q42344	Matemática
Q42395	Ciencias del ambiente
Q42458	Comunicación y sociedad
Q42515	Geografía
Q42534	Historia
Q42544	Comunicación y sociedad
Q425597	Química
Q425698	Historia
Q42591	Ciencias de la computación
Q426221	Matemática
Q426853	Historia
Q427030	Ciencias del ambiente
Q42762	Biología
Q428	Historia
Q428253	Biología
Q42827	Historia
Q42834	Historia
Q42876	Comunicación y sociedad
Q428995	Comunicación visual y diseño
Q4290	Comunicación y sociedad
Q42918	Biología
Q4291933	Matemática
Q42934	Comunicación visual y diseño
Q4295	Comunicación y sociedad
Q42970	Comunicación y sociedad
Q42976	Historia
Q42979	Ciencias de la computación
Q429811	Comunicación visual y diseño
Q42982	Biología
Q43	Geografía
Q430	Historia
Q4302	Literatura
Q43054	Biología
Q430726	Historia
Q43109	Comunicación y sociedad
Q43116	Química
Q432	Historia
Q4321	Ciencias de la computación
Q43216	Comunicación y sociedad
Q43260	Matemática
Q43262	Geografía
Q43287	Historia
Q43332	Comunicación visual y diseño
Q43440	Literatura
Q43478	Biología
Q4348882	Historia
Q435006	Comunicación y sociedad
Q43533	Ciencias del ambiente
Q436048	Lengua española
Q43619	Biología
Q43637	Comunicación y sociedad
Q43648	Química
Q43702	Comunicación y sociedad
Q43746	Comunicación y sociedad
Q437882	Ciencias del ambiente
Q43806	Biología
Q43922	Historia
Q43936	Comunicación y sociedad
Q43939	Comunicación y sociedad
Q4394526	Comunicación y sociedad
Q44007	Comunicación visual y diseño
Q440928	Comunicación visual y diseño
Q4412	Geografía
Q44127	Ciencias de la computación
Q44197	Historia
Q442145	Lengua española
Q44235	Ciencias del ambiente
Q442485	Lengua española
Q44272	Comunicación y sociedad
Q442781	Ciencias de la computación
Q44311	Historia
Q4439	Ciencias de la computación
Q444143	Literatura
Q44424	Química
Q44432	Física
Q44528	Física
Q44601	Literatura
Q44613	Historia
Q447	Comunicación y sociedad
Q447058	Comunicación visual y diseño
Q447131	Historia
Q44777	Historia
Q4479242	Ciencias de la computación
Q448	Literatura
Q4489699	Literatura
Q44946	Matemática
Q45	Geografía
Q45003	Química
Q4501	Literatura
Q451312	Literatura
Q452421	Comunicación y sociedad
Q4530482	Comunicación y sociedad
Q45315	Historia
Q454	Comunicación y sociedad
Q455037	Historia
Q45670	Historia
Q456993	Historia
Q45745	Historia
Q457986	Comunicación y sociedad
Q458	Geografía
Q45813	Historia
Q45918	Geografía
Q46	Geografía
Q461886	Historia
Q46261	Comunicación visual y diseño
Q46276	Física
Q46303	Matemática
Q46362	Historia
Q46373	Comunicación visual y diseño
Q463846	Comunicación y sociedad
Q46441	Ciencias de la computación
Q465627	Historia
Q465800	Lengua española
Q466	Ciencias de la computación
Q466588	Comunicación visual y diseño
Q466811	Literatura
Q466887	Historia
Q466969	Historia
Q46805	Comunicación visual y diseño
Q46825	Comunicación visual y diseño
Q46857	Biología
Q468658	Literatura
Q468662	Literatura
Q468801	Lengua española
Q468804	Historia
Q468823	Historia
Q4692	Historia
Q470067	Literatura
Q47041	Biología
Q470596	Historia
Q47069	Ciencias del ambiente
Q47089	Ciencias del ambiente
Q47130	Literatura
Q47146	Ciencias de la computación
Q471523	Literatura
Q47154	Comunicación y sociedad
Q47160	Literatura
Q471822	Geografía
Q471831	Literatura
Q471855	Comunicación y sociedad
Q472246	Literatura
Q47232	Historia
Q4724	Comunicación visual y diseño
Q47273	Biología
Q47306354	Matemática
Q47319	Química
Q47359	Comunicación y sociedad
Q473716	Historia
Q473746	Lengua española
Q47423	Comunicación y sociedad
Q474328	Lengua española
Q474628	Lengua española
Q474717	Historia
Q475025	Literatura
Q47506	Ciencias de la computación
Q475477	Literatura
Q47551	Comunicación visual y diseño
Q47574	Física
Q47607	Ciencias de la computación
Q4763720	Historia
Q47690	Historia
Q4774913	Historia
Q47783	Literatura
Q477973	Historia
Q479844	Historia
Q48	Geografía
Q48103	Física
Q48204	Comunicación y sociedad
Q48235	Comunicación y sociedad
Q48244	Historia
Q48297	Matemática
Q48301	Comunicación y sociedad
Q48314	Historia
Q483213	Biología
Q483261	Química
Q4833830	Lengua española
Q483639	Ciencias de la computación
Q483769	Química
Q484152	Química
Q484298	Matemática
Q484623	Matemática
Q484632	Matemática
Q484637	Matemática
Q484652	Comunicación y sociedad
Q484847	Comunicación y sociedad
Q48493	Ciencias de la computación
Q4850939	Historia
Q485100	Geografía
Q486598	Ciencias de la computación
Q486831	Historia
Q487112	Química
Q487756	Física
Q488	Historia
Q48800454	Historia
Q48800793	Comunicación y sociedad
Q48801296	[NULL]
Q48900	Literatura
Q48922	Literatura
Q4897191	Matemática
Q49	Geografía
Q49008	Matemática
Q4916	Comunicación y sociedad
Q491689	Ciencias del ambiente
Q492173	Literatura
Q49389	Geografía
Q494603	Ciencias del ambiente
Q4948	Historia
Q4951	Comunicación y sociedad
Q495300	Literatura
Q495423	Ciencias del ambiente
Q497173	Química
Q497743	Comunicación y sociedad
Q499327	Lengua española
Q49974	Biología
Q50020	Comunicación y sociedad
Q50380212	Física
Q504	Literatura
Q5043	Historia
Q5051	Lengua española
Q5055020	Geografía
Q506	Ciencias del ambiente
Q506623	Química
Q50695	Matemática
Q50698	Matemática
Q50701	Matemática
Q50708	Matemática
Q507738	Literatura
Q5082128	Ciencias de la computación
Q5086	Historia
Q50868	Historia
Q509504	Literatura
Q51	Geografía
Q510621	Literatura
Q5107	Geografía
Q5107861	Historia
Q51122	Historia
Q5113	Ciencias del ambiente
Q51178	Literatura
Q51189	Comunicación visual y diseño
Q514423	Historia
Q515	Geografía
Q5151	Ciencias del ambiente
Q5157342	Tecnología
Q51648	Historia
Q51649	Historia
Q5167679	Historia
Q517	Historia
Q517408	Comunicación visual y diseño
Q52	Ciencias de la computación
Q52062	Geografía
Q520878	Comunicación y sociedad
Q52090	Historia
Q52109	Ciencias del ambiente
Q521191	Literatura
Q521868	Historia
Q523	Ciencias del ambiente
Q52418	Historia
Q524447	Historia
Q525	Ciencias del ambiente
Q5254619	Ciencias de la computación
Q52834234	Comunicación y sociedad
Q52847	Historia
Q529146	Literatura
Q5292	Historia
Q5295	Ciencias de la computación
Q5300	Ciencias de la computación
Q536814	Comunicación y sociedad
Q5369651	Historia
Q538	Geografía
Q53859	Química
Q53860	Química
Q53875	Matemática
Q5402094	Historia
Q54050	Geografía
Q540912	Historia
Q540978	Historia
Q5409928	Historia
Q54111	Comunicación visual y diseño
Q541880	Historia
Q541961	Matemática
Q542036	Literatura
Q542039	Literatura
Q54277	Ciencias de la computación
Q542929	Química
Q5432	Comunicación visual y diseño
Q544	Ciencias del ambiente
Q5442839	Historia
Q5447188	Química
Q545449	Historia
Q5456	Geografía
Q546297	Comunicación visual y diseño
Q547858	Historia
Q548470	[NULL]
Q55	Geografía
Q550318	Literatura
Q550383	Lengua española
Q5547	Comunicación visual y diseño
Q55474570	Comunicación visual y diseño
Q555118	Comunicación y sociedad
Q555291	Literatura
Q555911	Comunicación y sociedad
Q556036	Química
Q55638	Geografía
Q55639	Geografía
Q55640	Geografía
Q55643	Geografía
Q5580	Comunicación visual y diseño
Q558066	Física
Q55811	Historia
Q55813	Ciencias de la computación
Q5582	Comunicación visual y diseño
Q5589	Comunicación visual y diseño
Q558929	Historia
Q5592	Comunicación visual y diseño
Q5593	Comunicación visual y diseño
Q5594	Comunicación visual y diseño
Q5597	Comunicación visual y diseño
Q5599	Comunicación visual y diseño
Q55996	Literatura
Q5604	Comunicación visual y diseño
Q560570	Lengua española
Q56155	Ciencias de la computación
Q56319057	Literatura
Q5641190	Literatura
Q56682909	Lengua española
Q5681	Comunicación visual y diseño
Q568301	Comunicación y sociedad
Q5684	Historia
Q5690	Historia
Q57196	Comunicación y sociedad
Q573	Historia
Q574985	Comunicación visual y diseño
Q575	Historia
Q576670	Lengua española
Q577	Historia
Q577185	Ciencias del ambiente
Q5775114	Historia
Q577714	Lengua española
Q579258	Matemática
Q579486	Matemática
Q580462	Literatura
Q5811	Comunicación visual y diseño
Q581767	Historia
Q5822	Comunicación visual y diseño
Q582577	Comunicación y sociedad
Q582659	Matemática
Q582706	Historia
Q58296	Historia
Q583038	Historia
Q5830907	Ciencias de la computación
Q583960	Matemática
Q584	Geografía
Q584804	Comunicación y sociedad
Q585259	Biología
Q585401	Literatura
Q58586	Comunicación y sociedad
Q587309	Historia
Q58734	Biología
Q5912	Comunicación visual y diseño
Q59138	Comunicación y sociedad
Q596373	Historia
Q5977111	Literatura
Q5978303	Lengua española
Q59816	Historia
Q598188	Comunicación y sociedad
Q5983857	Historia
Q598854	Historia
Q600093	Historia
Q60022	Historia
Q60070	Comunicación y sociedad
Q60080	Comunicación y sociedad
Q601053	Matemática
Q601211	Historia
Q60140	Geografía
Q601401	Geografía
Q60186	Ciencias del ambiente
Q602201	Comunicación y sociedad
Q6034	Comunicación visual y diseño
Q604448	Literatura
Q604733	Ciencias de la computación
Q604984	[NULL]
Q60661	Química
Q60670	Geografía
Q60837604	Comunicación y sociedad
Q608613	Historia
Q60864	Ciencias de la computación
Q6093518	Comunicación y sociedad
Q609647	Matemática
Q6101	Historia
Q61064	Comunicación visual y diseño
Q61071	Comunicación visual y diseño
Q611474	Lengua española
Q611895	Literatura
Q614082	Comunicación visual y diseño
Q6186	Historia
Q6206	Historia
Q620615	Ciencias de la computación
Q620620	Ciencias de la computación
Q6216	Comunicación y sociedad
Q622099	Historia
Q6223	Historia
Q622649	Historia
Q622774	Historia
Q622896	Biología
Q6229	Historia
Q623	Química
Q623164	Historia
Q623476	Historia
Q6235	Historia
Q623742	Lengua española
Q6241	Comunicación y sociedad
Q624546	Ciencias de la computación
Q62500	Química
Q62506	Comunicación visual y diseño
Q625356	Historia
Q625581	Lengua española
Q6256	Comunicación y sociedad
Q6265342	Matemática
Q6266	Geografía
Q627319	Lengua española
Q628036	Ciencias de la computación
Q62825	Historia
Q62912	Matemática
Q62927	Tecnología
Q6303109	Comunicación y sociedad
Q630832	Literatura
Q63116	Lengua española
Q631635	Literatura
Q633872	Comunicación y sociedad
Q634	Ciencias del ambiente
Q635162	Biología
Q636109	Comunicación y sociedad
Q636771	Historia
Q638094	Literatura
Q638608	Ciencias de la computación
Q639681	Ciencias de la computación
Q641651	Literatura
Q641668	Literatura
Q642379	Historia
Q643488	Historia
Q64403	Química
Q646	Química
Q647114	Comunicación y sociedad
Q6472	Ciencias del ambiente
Q6473564	Ciencias de la computación
Q6485344	Física
Q6498784	Matemática
Q650250	Lengua española
Q6502703	Literatura
Q6503924	Química
Q650401	Biología
Q650906	Literatura
Q651022	Ciencias de la computación
Q6512	Comunicación y sociedad
Q65131318	Lengua española
Q6527	Comunicación y sociedad
Q6534	Historia
Q653953	Comunicación y sociedad
Q6540361	Historia
Q654562	Literatura
Q655275	Matemática
Q655618	Literatura
Q656365	Comunicación y sociedad
Q6581615	Historia
Q6583	Geografía
Q6583695	Ciencias del ambiente
Q659991	Historia
Q660359	Literatura
Q66055	Matemática
Q66065	Geografía
Q66100	Comunicación y sociedad
Q6615800	Matemática
Q661655	Comunicación y sociedad
Q66392	Química
Q664	Geografía
Q666014	Literatura
Q6661985	Ciencias de la computación
Q667340	Literatura
Q667552	Geografía
Q668	Geografía
Q668645	Historia
Q669479	Literatura
Q669701	Comunicación y sociedad
Q670484	Historia
Q670694	Literatura
Q673166	Física
Q673175	Historia
Q674775	Ciencias del ambiente
Q675287	Física
Q677173	Historia
Q677316	Historia
Q678909	Literatura
Q679842	Comunicación y sociedad
Q68	Ciencias de la computación
Q682111	Lengua española
Q683560	Matemática
Q685342	Literatura
Q685744	Comunicación y sociedad
Q6881511	Comunicación y sociedad
Q690940	Lengua española
Q690959	Historia
Q692	Historia
Q693288	Comunicación visual y diseño
Q693411	Historia
Q694740	Historia
Q695497	Historia
Q69564	Geografía
Q698178	Historia
Q6987428	Historia
Q699511	Historia
Q6999	Ciencias del ambiente
Q700924	Historia
Q7020	Biología
Q70235	[NULL]
Q704179	Literatura
Q7060553	Biología
Q706633	Historia
Q708321	Historia
Q70991	Comunicación y sociedad
Q71084	Historia
Q712378	Biología
Q712604	Ciencias del ambiente
Q714196	Historia
Q714886	Matemática
Q714946	Literatura
Q7150	Biología
Q715347	Biología
Q715380	Historia
Q715391	Geografía
Q7155	Biología
Q715746	Física
Q7162	Biología
Q7164	Comunicación y sociedad
Q7167	Historia
Q716915	Física
Q7174	Comunicación y sociedad
Q7178	Comunicación y sociedad
Q7181	Comunicación y sociedad
Q7184	Comunicación y sociedad
Q7184037	Comunicación y sociedad
Q7187	Biología
Q718909	Historia
Q719461	Química
Q719967	Comunicación y sociedad
Q720060	Geografía
Q720362	Geografía
Q7204	Geografía
Q7207	Historia
Q722507	Ciencias de la computación
Q723569	Literatura
Q723643	Literatura
Q7239	Ciencias del ambiente
Q7243161	Comunicación y sociedad
Q7247260	Ciencias de la computación
Q7247856	Ciencias de la computación
Q724922	Historia
Q72499	Geografía
Q7252	Historia
Q7257739	Comunicación y sociedad
Q725939	Matemática
Q7260	Historia
Q7264	Comunicación y sociedad
Q726543	Biología
Q726805	Historia
Q7269	Comunicación y sociedad
Q7270	Comunicación y sociedad
Q7275	Comunicación y sociedad
Q7278	Comunicación y sociedad
Q728001	Lengua española
Q729	Biología
Q7310	Historia
Q731298	[NULL]
Q7317	Historia
Q7318	Historia
Q7322	Historia
Q7325	Historia
Q7326	Historia
Q7328	Historia
Q733342	Literatura
Q735660	Matemática
Q736	Geografía
Q736348	Literatura
Q7364	Física
Q7365	Biología
Q737533	Historia
Q737560	Comunicación y sociedad
Q7377	Ciencias del ambiente
Q737907	Historia
Q7380	Biología
Q738680	Comunicación visual y diseño
Q73880	Literatura
Q7391292	Ciencias del ambiente
Q739302	Comunicación y sociedad
Q7397	Ciencias de la computación
Q74011	Historia
Q740308	Comunicación y sociedad
Q740522	Historia
Q7406919	Geografía
Q741862	Literatura
Q742139	Ciencias del ambiente
Q7430	Biología
Q7432	Biología
Q744738	Comunicación y sociedad
Q744962	Biología
Q745578	Literatura
Q745799	Historia
Q746242	Ciencias de la computación
Q746515	Comunicación y sociedad
Q746863	Matemática
Q747074	Comunicación y sociedad
Q747081	Historia
Q748720	Comunicación y sociedad
Q748780	Historia
Q749635	Química
Q75	Ciencias de la computación
Q750663	Lengua española
Q751124	Química
Q752112	Ciencias del ambiente
Q753683	Comunicación visual y diseño
Q753858	Geografía
Q7559698	Matemática
Q756	Biología
Q756914	Ciencias del ambiente
Q757520	Ciencias del ambiente
Q75813	Historia
Q75865	Biología
Q7590	Geografía
Q759835	Historia
Q76026	Historia
Q762	Comunicación visual y diseño
Q76325	Comunicación y sociedad
Q76356	Comunicación y sociedad
Q764	Biología
Q764285	Química
Q7649586	Comunicación y sociedad
Q76516	Comunicación y sociedad
Q767253	Historia
Q768575	Física
Q7692360	Ciencias del ambiente
Q769831	Literatura
Q77120	Geografía
Q7722	Historia
Q7725	Historia
Q7727	Historia
Q7742	Historia
Q774625	Literatura
Q7748	Comunicación y sociedad
Q7751	Comunicación visual y diseño
Q7755	Comunicación y sociedad
Q777913	Ciencias del ambiente
Q777948	Química
Q7783183	Física
Q7785	Geografía
Q7791	Literatura
Q779955	Literatura
Q7801	Comunicación y sociedad
Q7804	Comunicación y sociedad
Q7809	Comunicación y sociedad
Q780989	Literatura
Q7813	Comunicación y sociedad
Q7814	Comunicación visual y diseño
Q781650	Geografía
Q782287	Geografía
Q7825	Comunicación y sociedad
Q783794	Comunicación y sociedad
Q78484	Comunicación y sociedad
Q786171	Historia
Q7868	Biología
Q7873	Biología
Q7877	Química
Q7886	Biología
Q7886088	Biología
Q7891	Biología
Q7892	Geografía
Q7895	Biología
Q78974	Química
Q78994	Historia
Q79	Geografía
Q7937	Ciencias del ambiente
Q794	Geografía
Q794077	Comunicación visual y diseño
Q7942	Biología
Q7944	Ciencias del ambiente
Q7946	Ciencias del ambiente
Q79460	Biología
Q7950	Ciencias del ambiente
Q79529	Química
Q796	Geografía
Q796897	Comunicación y sociedad
Q79749	Biología
Q79782	Física
Q79789	Historia
Q79791	Historia
Q79854	Historia
Q7987	Ciencias de la computación
Q79896	Comunicación y sociedad
Q79899	Biología
Q79911	Historia
Q79913	Comunicación y sociedad
Q79927	Biología
Q80006	Ciencias de la computación
Q80026	Ciencias del ambiente
Q80034	Historia
Q80091	Matemática
Q80097	Química
Q801	Geografía
Q8011	Comunicación y sociedad
Q80113	Comunicación visual y diseño
Q8018	Comunicación y sociedad
Q80398	Historia
Q8043	Lengua española
Q8047	Biología
Q805130	Literatura
Q80535	Ciencias de la computación
Q8054	Biología
Q80612	Comunicación y sociedad
Q806176	Comunicación y sociedad
Q8063	Ciencias del ambiente
Q8070	Ciencias del ambiente
Q80702	Historia
Q8072	Ciencias del ambiente
Q80726	Biología
Q8074	Ciencias del ambiente
Q808	Biología
Q8084	Matemática
Q808561	Comunicación visual y diseño
Q80863	Biología
Q8094	Ciencias del ambiente
Q80962	Geografía
Q80968	Comunicación y sociedad
Q81041	Ciencias del ambiente
Q81163	Química
Q81244	Comunicación y sociedad
Q812880	Matemática
Q81329802	Comunicación y sociedad
Q8134	Comunicación y sociedad
Q81365	Matemática
Q8137	Historia
Q81406	Química
Q81414	Ciencias de la computación
Q814722	Lengua española
Q8148	Geografía
Q815844	Ciencias de la computación
Q81659	Ciencias del ambiente
Q81809	Física
Q818632	Literatura
Q8188	Lengua española
Q818930	Ciencias de la computación
Q81945	Ciencias de la computación
Q82049	Comunicación y sociedad
Q821413	Biología
Q822938	Física
Q823002	Literatura
Q824165	Historia
Q82435	Matemática
Q82480	Ciencias del ambiente
Q82551	Biología
Q82580	Física
Q82622	Lengua española
Q826582	Ciencias del ambiente
Q82674	Historia
Q82682	Química
Q82708	Historia
Q82753	Ciencias de la computación
Q82778	Comunicación y sociedad
Q828	Geografía
Q828047	Historia
Q828224	Matemática
Q82828	Ciencias de la computación
Q828435	Historia
Q829564	Física
Q82972	Historia
Q830012	Lengua española
Q83003	Literatura
Q830331	Comunicación visual y diseño
Q83034	Lengua española
Q83038	Literatura
Q83041	Comunicación y sociedad
Q830626	Historia
Q83147	Química
Q83155	Comunicación visual y diseño
Q83169	Ciencias del ambiente
Q83174	Literatura
Q83181	Biología
Q83219	Física
Q83229	Historia
Q83330	Biología
Q83356	Geografía
Q83371	Ciencias del ambiente
Q83375	Comunicación y sociedad
Q83405	Historia
Q83418	Historia
Q83425	Comunicación visual y diseño
Q835309	Comunicación visual y diseño
Q835520	Literatura
Q835649	Historia
Q836036	Literatura
Q8366	Ciencias de la computación
Q838092	Ciencias de la computación
Q838119	Ciencias de la computación
Q83864	Biología
Q83944	Biología
Q839452	Historia
Q839475	Comunicación y sociedad
Q83958	Historia
Q839954	Historia
Q8409	Historia
Q8413	Historia
Q841424	Comunicación y sociedad
Q842083	Biología
Q842112	Comunicación y sociedad
Q8425	Comunicación y sociedad
Q842936	Ciencias de la computación
Q843	Geografía
Q8436	Comunicación y sociedad
Q844342	Biología
Q844586	Historia
Q844675	Comunicación visual y diseño
Q844718	Ciencias de la computación
Q844930	Historia
Q845060	Matemática
Q845114	Historia
Q845118	Matemática
Q845725	Ciencias del ambiente
Q8458	Comunicación y sociedad
Q8459	Comunicación visual y diseño
Q846094	Literatura
Q8463	Historia
Q846303	Biología
Q846324	Ciencias de la computación
Q846505	Matemática
Q846677	Matemática
Q846882	Comunicación y sociedad
Q846933	Historia
Q847204	Matemática
Q847797	Comunicación visual y diseño
Q849378	Historia
Q849680	Historia
Q8502	Geografía
Q851	Geografía
Q8513	Ciencias de la computación
Q8514	Biología
Q852201	Lengua española
Q854415	Historia
Q855	Historia
Q855270	Historia
Q855747	Comunicación visual y diseño
Q856544	Historia
Q8575586	Historia
Q857809	Química
Q858520	Matemática
Q85861623	Literatura
Q858700	Comunicación y sociedad
Q859	Comunicación y sociedad
Q860372	Ciencias de la computación
Q861581	Comunicación y sociedad
Q861986	Literatura
Q8641370	Historia
Q865920	Física
Q86670010	Literatura
Q8669	Historia
Q8676	Historia
Q868	Comunicación y sociedad
Q8683	Historia
Q868454	Ciencias de la computación
Q869548	Ciencias de la computación
Q8698	Historia
Q8729	Historia
Q873000	Literatura
Q8736	Historia
Q8739	Comunicación y sociedad
Q8740	Historia
Q874405	Comunicación y sociedad
Q875937	Matemática
Q876333	Literatura
Q8768	Historia
Q877619	Historia
Q877674	Ciencias del ambiente
Q877729	Geografía
Q877977	Ciencias de la computación
Q878070	Comunicación y sociedad
Q8789	Ciencias de la computación
Q8799	Ciencias de la computación
Q8805	Ciencias de la computación
Q8811	Ciencias de la computación
Q8815	Ciencias de la computación
Q8819	Ciencias de la computación
Q884	Geografía
Q8880	Comunicación y sociedad
Q8886	Comunicación y sociedad
Q8889	Comunicación y sociedad
Q889	Geografía
Q8896	Comunicación y sociedad
Q8901	Comunicación y sociedad
Q891130	Ciencias del ambiente
Q891408	Física
Q8958	Historia
Q8963	Comunicación y sociedad
Q89640	Historia
Q898312	Química
Q899359	Historia
Q900337	Química
Q900557	Comunicación visual y diseño
Q900636	Geografía
Q901417	Literatura
Q9041	Historia
Q9047	Comunicación y sociedad
Q9050360	Biología
Q9061	Historia
Q9068	Historia
Q906964	Química
Q907823	Física
Q908686	Matemática
Q911437	Química
Q911916	Química
Q9121	Ciencias del ambiente
Q912546	Química
Q912751	Biología
Q9128	Física
Q912825	Geografía
Q913	Comunicación y sociedad
Q9135	Ciencias de la computación
Q9143	Ciencias de la computación
Q914425	Historia
Q915425	Historia
Q9158	Ciencias de la computación
Q917440	Comunicación y sociedad
Q918230	Comunicación visual y diseño
Q9191	Comunicación y sociedad
Q920890	Ciencias de la computación
Q920894	Historia
Q921273	Literatura
Q921474	Historia
Q9215	Comunicación y sociedad
Q921657	Comunicación visual y diseño
Q9235	Comunicación y sociedad
Q924	Geografía
Q924424	Literatura
Q926295	Historia
Q927629	Historia
Q928	Geografía
Q93113	Comunicación y sociedad
Q9312	Comunicación y sociedad
Q9317	Comunicación y sociedad
Q9319	Comunicación visual y diseño
Q93241	Ciencias de la computación
Q93284	Comunicación visual y diseño
Q93288	Comunicación y sociedad
Q93304	Historia
Q93312	Ciencias de la computación
Q93344	Matemática
Q933483	[NULL]
Q933661	Comunicación visual y diseño
Q934729	Ciencias de la computación
Q9353	Comunicación y sociedad
Q9358	Comunicación y sociedad
Q9368	Biología
Q937330	Comunicación visual y diseño
Q937378	Matemática
Q9377	Ciencias del ambiente
Q9381	Comunicación y sociedad
Q9391	Comunicación y sociedad
Q93996	Comunicación y sociedad
Q94	Ciencias de la computación
Q9430	Ciencias del ambiente
Q943313	Ciencias del ambiente
Q943326	Historia
Q9438	Comunicación y sociedad
Q9440	Comunicación visual y diseño
Q9444	Biología
Q944863	Lengua española
Q9458	Historia
Q947129	Comunicación visual y diseño
Q948	Geografía
Q94916	Historia
Q953219	Ciencias del ambiente
Q954078	Historia
Q954112	Comunicación y sociedad
Q955276	Comunicación y sociedad
Q9554	Historia
Q956030	Lengua española
Q958	Geografía
Q96	Geografía
Q9606	Ciencias del ambiente
Q9618	Biología
Q9621	Biología
Q9631101	Comunicación visual y diseño
Q963619	Literatura
Q9639	Biología
Q9644	Biología
Q964699	Literatura
Q9649	Biología
Q965842	Historia
Q9662	Ciencias de la computación
Q9696	Historia
Q971176	Historia
Q97284968	Comunicación y sociedad
Q973326	Comunicación y sociedad
Q97371599	Historia
Q97371805	Biología
Q97372079	Ciencias del ambiente
Q97372097	Geografía
Q974	Geografía
Q975837	Historia
Q976981	Matemática
Q977345	Comunicación y sociedad
Q981005	Comunicación y sociedad
Q982945	Literatura
Q983263	Literatura
Q985318	Física
Q988343	Ciencias del ambiente
Q989	Historia
Q99309	Comunicación visual y diseño
Q995745	Ciencias del ambiente
Q995950	Literatura
Q70235	Lengua española
