id_wikidata,materia
Q1003183,Química
Q1004,Comunicación visual
Q101065,Taller de salud y sexualidad
Q101395,Química
Q101673483,Biología
Q101896,Biología
Q1019285,Geografía
Q102047,Lengua española
Q1020994,Historia
Q10260689,Biología
Q10265536,Matemática
Q102761,Matemática
Q10280306,Biología
Q10295439,Geografía
Q1029907,Biología
Q103184,Lengua española
Q103191,Biología
Q103285,Literatura
Q1033073,Educación musical
Q10354784,Educación física y recreación
Q10388960,Matemática
Q104083,Lengua española
Q104752,Matemática
Q1047808,Tecnologías
Q104837,Química
Q1050744,Lengua española
Q1051175,Lengua española
Q105196,Biología
Q1054330,Comunicación y sociedad
Q1055771,Educación física y recreación
Q1056194,Biología
Q1056761,Física
Q1059,Biología
Q1061635,Ciencias de la computación
Q10617810,Comunicación y sociedad
Q1063420,Biología
Q1063501,Biología
Q1063837,Tecnologías
Q1065449,Biología
Q10693,Química
Q1070689,Comunicación visual
Q1072,Biología
Q107265092,Física
Q1073,Biología
Q1073121,Biología
Q107414,Química
Q1075,Comunicación visual
Q1076509,Taller de salud y sexualidad
Q107715,Física
Q107934765,Formación para la ciudadanía
Q1084,Lengua española
Q10876,Biología
Q1088777,Biología
Q10899852,Literatura
Q1091532,Diseño
Q1094061,Lengua española
Q109425421,Historia
Q1094545,Historia
Q109466090,Literatura
Q10954578,Comunicación y sociedad
Q1096872,Ciencias de la computación
Q1097630,Biología
Q10981881,Taller de salud y sexualidad
Q1098652,Biología
Q109930932,Lengua española
Q1100446,Lengua española
Q11012,Ciencias de la computación
Q11016,Tecnologías
Q110176,Matemática
Q11024,Comunicación y sociedad
Q110304307,Diseño
Q110435425,Literatura
Q11068,Biología
Q11078,Biología
Q11083,Biología
Q11088,Biología
Q11090,Biología
Q1111,Tecnologías
Q1114190,Química
Q11151749,Biología
Q111637324,Biología
Q11173,Química
Q112062681,Literatura
Q11220541,Biología
Q1122094,Lengua española
Q11229,Matemática
Q1125955,Ciencias de la computación
Q11271324,Ciencias físico-químicas
Q113013,Literatura
Q1132690,Historia
Q1133779,Diseño
Q11344,Química
Q113462,Formación para la ciudadanía
Q11348,Matemática
Q11352,Matemática
Q113558,Educación musical
Q11358,Biología
Q11364,Biología
Q11367,Biología
Q11372,Ciencias físico-químicas
Q11375,Ciencias de la computación
Q11382,Física
Q1138301,Geografía
Q1138737,Tecnologías
Q11392181,Biología
Q11403,Educación musical
Q11404,Educación musical
Q114084,Educación física y recreación
Q11410,Educación física y recreación
Q1141745,Historia
Q11423,Química
Q11426,Química
Q11451,Historia
Q1145436,Biología
Q1145523,Comunicación visual
Q11461,Educación musical
Q11466,Ciencias físico-químicas
Q1147070,Taller de salud y sexualidad
Q1147377,Educación física y recreación
Q11474,Tecnologías
Q1147454,Literatura
Q1148482,Geografía
Q11500,Matemática
Q1150771,Ciencias de la computación
Q1151067,Formación para la ciudadanía
Q11518,Matemática
Q11523535,Geografía
Q115368,Matemática
Q115404068,Matemática
Q1154146,Educación física y recreación
Q1156722,Educación física y recreación
Q116052868,Comunicación y sociedad
Q11629,Comunicación visual
Q11633,Diseño
Q11634,Comunicación visual
Q11639,Educación física y recreación
Q11651,Tecnologías
Q11653,Tecnologías
Q11656,Tecnologías
Q1165944,Geografía
Q11660,Ciencias de la computación
Q116776698,Biología
Q11768,Historia
Q11772,Historia
Q11780455,Química
Q11784425,Física
Q1184366,Biología
Q118928294,Ciencias de la computación
Q11895763,Educación musical
Q1189753,Comunicación visual
Q11923236,Biología
Q1193158,Comunicación y sociedad
Q1193859,Educación musical
Q1195015,Educación musical
Q1195272,Literatura
Q119585523,Historia
Q11978,Biología
Q11982,Biología
Q11990,Biología
Q11995,Biología
Q1200427,Historia
Q12029,Biología
Q1203075,Matemática
Q120446,Biología
Q12076007,Tecnologías
Q120812,Matemática
Q12115713,Comunicación y sociedad
Q12132639,Ciencias físico-químicas
Q12136,Biología
Q121363414,Lengua española
Q121363417,Lengua española
Q121363423,Lengua española
Q121363426,Lengua española
Q121363428,Lengua española
Q121363627,Ciencias de la computación
Q121363628,Ciencias de la computación
Q121363629,Ciencias de la computación
Q121363631,Ciencias de la computación
Q121363632,Ciencias de la computación
Q121363633,Ciencias de la computación
Q121363634,Ciencias de la computación
Q121363635,Ciencias de la computación
Q12147,Biología
Q121610,Biología
Q12171,Biología
Q12174,Biología
Q121763963,Comunicación visual
Q121763964,Comunicación visual
Q121763965,Comunicación visual
Q121763966,Comunicación visual
Q121763967,Comunicación visual
Q121763968,Comunicación visual
Q121763970,Comunicación visual
Q121763972,Comunicación visual
Q121763973,Comunicación visual
Q121763977,Comunicación visual
Q121763978,Comunicación visual
Q121763979,Comunicación visual
Q121763980,Comunicación visual
Q121763981,Comunicación visual
Q121763982,Comunicación visual
Q121763983,Comunicación visual
Q121763984,Comunicación visual
Q121763986,Comunicación visual
Q121763988,Comunicación visual
Q121763989,Comunicación visual
Q121763990,Comunicación visual
Q121763991,Comunicación visual
Q121763993,Comunicación visual
Q121766089,Literatura
Q121766090,Literatura
Q121766091,Literatura
Q121766092,Literatura
Q121766093,Literatura
Q121766094,Literatura
Q121766095,Literatura
Q121766096,Literatura
Q121766098,Literatura
Q121766100,Literatura
Q121766101,Literatura
Q121766102,Literatura
Q121766103,Literatura
Q121766104,Literatura
Q121766105,Literatura
Q121766106,Literatura
Q121766109,Literatura
Q121766110,Literatura
Q121766114,Literatura
Q121766115,Literatura
Q121766116,Literatura
Q12177156,Química
Q121789023,Diseño
Q121789024,Diseño
Q121789025,Educación musical
Q121789503,Geografía
Q121789518,Geografía
Q121789519,Geografía
Q121789520,Geografía
Q121789521,Geografía
Q121789522,Geografía
Q121789523,Geografía
Q121789524,Geografía
Q121789525,Ciencias de la computación
Q121789526,Ciencias de la computación
Q121789527,Ciencias de la computación
Q121789529,Ciencias de la computación
Q121791971,Física
Q121791972,Educación física y recreación
Q121791973,Educación física y recreación
Q121791974,Educación física y recreación
Q121791975,Educación física y recreación
Q121791977,Educación física y recreación
Q121791978,Educación física y recreación
Q121791979,Educación física y recreación
Q121791980,Educación física y recreación
Q121791982,Educación física y recreación
Q121791983,Educación física y recreación
Q121791984,Educación física y recreación
Q121791985,Educación física y recreación
Q121791986,Educación física y recreación
Q121791987,Educación física y recreación
Q121791988,Educación física y recreación
Q121791989,Educación física y recreación
Q121791990,Educación física y recreación
Q121791991,Educación física y recreación
Q121791992,Educación física y recreación
Q121791993,Educación física y recreación
Q121791994,Educación física y recreación
Q121791995,Educación física y recreación
Q121791996,Educación física y recreación
Q121791997,Educación física y recreación
Q121791998,Educación física y recreación
Q121791999,Educación física y recreación
Q121792000,Comunicación y sociedad
Q121792002,Comunicación y sociedad
Q121792003,Comunicación y sociedad
Q121792004,Tecnologías
Q121792005,Ciencias de la computación
Q121792006,Ciencias de la computación
Q121792007,Ciencias de la computación
Q121792008,Ciencias de la computación
Q121792009,Ciencias de la computación
Q121792744,Educación física y recreación
Q121792745,Formación para la ciudadanía
Q121792746,Formación para la ciudadanía
Q121792747,Formación para la ciudadanía
Q121792748,Formación para la ciudadanía
Q121792749,Formación para la ciudadanía
Q121792750,Formación para la ciudadanía
Q121792751,Formación para la ciudadanía
Q121792752,Formación para la ciudadanía
Q121792753,Formación para la ciudadanía
Q121792755,Geografía
Q121792756,Geografía
Q121792757,Geografía
Q121792758,Geografía
Q121792759,Geografía
Q121792760,Geografía
Q121792761,Geografía
Q121792762,Geografía
Q121792763,Historia
Q121792764,Historia
Q121792765,Historia
Q121792766,Historia
Q121792767,Historia
Q121792768,Historia
Q121792769,Historia
Q121792770,Historia
Q121792771,Historia
Q121792772,Historia
Q121792773,Historia
Q12182614,Literatura
Q12198,Taller de salud y sexualidad
Q12199,Biología
Q12202238,Matemática
Q122046061,Tecnologías
Q122046255,Química
Q122046256,Química
Q122046257,Química
Q122046258,Química
Q122046259,Química
Q122046260,Química
Q122046262,Química
Q122046263,Química
Q122046265,Química
Q122046273,Química
Q122046274,Química
Q122046276,Química
Q122046277,Química
Q122046279,Química
Q122046280,Química
Q122046282,Química
Q122046284,Química
Q122046285,Química
Q122046293,Química
Q122046294,Química
Q122046296,Química
Q122046297,Química
Q122046299,Taller de salud y sexualidad
Q122046300,Educación física y recreación
Q122046302,Educación física y recreación
Q122046304,Educación física y recreación
Q122046306,Educación física y recreación
Q122046313,Educación física y recreación
Q122046314,Educación física y recreación
Q122046315,Educación física y recreación
Q122046316,Educación física y recreación
Q122046317,Educación física y recreación
Q122046319,Educación física y recreación
Q122046320,Educación física y recreación
Q122046322,Educación física y recreación
Q122046324,Educación física y recreación
Q122046332,Educación física y recreación
Q122046333,Educación física y recreación
Q122046334,Tecnologías
Q122046335,Tecnologías
Q122046336,Tecnologías
Q122046338,Tecnologías
Q122046340,Tecnologías
Q122046341,Tecnologías
Q122052096,Biología
Q122052110,Matemática
Q122052126,Biología
Q122052127,Biología
Q122052128,Biología
Q122052129,Biología
Q122052130,Biología
Q122052131,Biología
Q122052132,Matemática
Q122052133,Biología
Q122052134,Biología
Q122052137,Biología
Q122052138,Biología
Q122052140,Biología
Q122052141,Biología
Q122052142,Biología
Q122052143,Biología
Q122052144,Biología
Q122052145,Biología
Q122052146,Biología
Q122052147,Taller de salud y sexualidad
Q122052148,Biología
Q122052149,Matemática
Q122052150,Matemática
Q122052151,Matemática
Q122052152,Matemática
Q122052153,Matemática
Q122052154,Matemática
Q122052155,Matemática
Q122052156,Biología
Q122052157,Biología
Q122052158,Biología
Q122052159,Biología
Q122052160,Biología
Q122052161,Biología
Q122052162,Biología
Q122052163,Biología
Q122052164,Biología
Q122052165,Biología
Q12206,Biología
Q122173,Historia
Q122224,Taller de salud y sexualidad
Q1226939,Matemática
Q12271,Comunicación visual
Q1228250,Comunicación visual
Q1229911,Geografía
Q12301128,Biología
Q1231558,Geografía
Q1231896,Comunicación visual
Q1233836,Biología
Q123414,Biología
Q123432,Historia
Q124291,Tecnologías
Q1243912,Educación musical
Q1244652,Matemática
Q1244890,Matemática
Q124490,Formación para la ciudadanía
Q12453,Física
Q12457,Tecnologías
Q12485,Comunicación visual
Q12503,Matemática
Q12542,Historia
Q12546,Historia
Q12554,Historia
Q12562,Historia
Q125928,Biología
Q126236,Historia
Q127006,Educación física y recreación
Q1270401,Tecnologías
Q12727779,Ciencias de la computación
Q127702,Biología
Q1277161,Geografía
Q127920,Química
Q127980,Biología
Q128135,Historia
Q12834857,Educación física y recreación
Q128393,Historia
Q1288583,Historia
Q1289503,Historia
Q12916,Matemática
Q1294703,Geografía
Q129533,Literatura
Q1295946,Biología
Q129859,Literatura
Q1299822,Ciencias de la computación
Q1301371,Ciencias de la computación
Q1303550,Literatura
Q130762,Matemática
Q130983,Biología
Q13100823,Biología
Q131123,Biología
Q131201,Geografía
Q1313631,Geografía
Q131708,Historia
Q131749,Biología
Q131752,Matemática
Q131774,Taller de salud y sexualidad
Q131779,Lengua española
Q1318295,Literatura
Q1318776,Biología
Q13208902,Educación física y recreación
Q1321,Comunicación y sociedad
Q1321695,Biología
Q132311,Literatura
Q132580,Biología
Q132629,Tecnologías
Q13323,Educación musical
Q133442,Historia
Q1334780,Biología
Q1335296,Ciencias de la computación
Q1339,Educación musical
Q13406554,Educación física y recreación
Q13428326,Educación física y recreación
Q1344,Educación musical
Q13445028,Biología
Q134465,Física
Q134808,Biología
Q134830,Lengua española
Q1348853,Biología
Q1349358,Ciencias de la computación
Q134938,Biología
Q1349760,Historia
Q135005,Ciencias de la computación
Q1361002,Taller de salud y sexualidad
Q1364783,Biología
Q13649246,Física
Q1370895,Biología
Q13743633,Ciencias de la computación
Q1377526,Biología
Q1379672,Educación física y recreación
Q1388990,Comunicación visual
Q13928914,Tecnologías
Q1401131,Lengua española
Q1403517,Química
Q1408288,Tecnologías
Q1410327,Comunicación y sociedad
Q141130,Comunicación visual
Q1414037,Tecnologías
Q1420204,Matemática
Q14208553,Tecnologías
Q1427966,Literatura
Q1429421,Literatura
Q14373,Geografía
Q1437361,Comunicación visual
Q143873,Tecnologías
Q14390274,Educación musical
Q144334,Historia
Q1452181,Educación musical
Q1454986,Ciencias físico-químicas
Q14632398,Ciencias físico-químicas
Q1464352,Geografía
Q146813,Ciencias de la computación
Q1472057,Historia
Q147516,Literatura
Q1479257,Comunicación visual
Q1483324,Comunicación visual
Q148837,Historia
Q14890574,Biología
Q149013,Geografía
Q1497,Geografía
Q15,Geografía
Q150071,Biología
Q1501017,Educación musical
Q15028,Tecnologías
Q1509934,Educación física y recreación
Q151942,Educación musical
Q152100,Biología
Q1522115,Tecnologías
Q15262301,Historia
Q15265460,Historia
Q152827,Geografía
Q1530061,Ciencias de la computación
Q15305109,Química
Q153071,Educación musical
Q15318,Química
Q15326,Biología
Q1536343,Taller de salud y sexualidad
Q1537205,Matemática
Q154136,Taller de salud y sexualidad
Q1545300,Tecnologías
Q1546066,Ciencias de la computación
Q1547362,Biología
Q155234,Educación musical
Q156017,Historia
Q156537,Biología
Q15733239,Educación física y recreación
Q1573624,Lengua española
Q1574985,Educación musical
Q15758768,Geografía
Q1582389,Educación física y recreación
Q15855125,Lengua española
Q158688,Matemática
Q15885248,Historia
Q15934753,Ciencias de la computación
Q1593880,Historia
Q159462,Biología
Q15978631,Biología
Q160738,Educación física y recreación
Q160845,Comunicación y sociedad
Q161157,Ciencias de la computación
Q161254,Tecnologías
Q161598,Geografía
Q161635,Tecnologías
Q1622659,Educación física y recreación
Q162314,Historia
Q162378,Lengua española
Q1626940,Historia
Q16285,Literatura
Q16302351,Geografía
Q1634530,Biología
Q16399,Biología
Q1641518,Biología
Q1643366,Geografía
Q164386,Biología
Q164573,Lengua española
Q16460,Geografía
Q16493575,Literatura
Q16499,Biología
Q16501,Biología
Q165647,Ciencias físico-químicas
Q16572902,Lengua española
Q1659648,Comunicación visual
Q16601346,Comunicación visual
Q1660379,Historia
Q1661,Literatura
Q1661989,Tecnologías
Q1662040,Geografía
Q1663054,Biología
Q16632296,Geografía
Q1664027,Geografía
Q166620,Geografía
Q1668038,Ciencias de la computación
Q166849,Biología
Q167172,Taller de salud y sexualidad
Q167191,Biología
Q167676,Tecnologías
Q16864,Literatura
Q16938385,Educación musical
Q169917,Química
Q169940,Biología
Q169953,Biología
Q17012331,Biología
Q170130,Ciencias de la computación
Q170145,Biología
Q17021791,Biología
Q170321,Biología
Q1703762,Literatura
Q170406,Educación musical
Q170412,Educación musical
Q170430,Biología
Q170519,Tecnologías
Q170584,Tecnologías
Q170658,Comunicación visual
Q170731,Química
Q1709075,Educación musical
Q170978,Tecnologías
Q1710207,Biología
Q171064,Biología
Q171283,Biología
Q17157079,Tecnologías
Q17167,Historia
Q1716905,Tecnologías
Q171957,Educación física y recreación
Q17285,Matemática
Q172861,Biología
Q173183,Ciencias de la computación
Q1734,Educación física y recreación
Q173432,Biología
Q173710,Biología
Q173767,Literatura
Q174,Geografía
Q174210,Literatura
Q174334,Tecnologías
Q174361,Historia
Q1747618,Historia
Q1747689,Historia
Q174778,Biología
Q174844,Geografía
Q174876,Biología
Q1751513,Educación física y recreación
Q175185,Geografía
Q1756507,Tecnologías
Q1758354,Literatura
Q175850,Biología
Q175943,Tecnologías
Q175973,Tecnologías
Q1761396,Biología
Q17622892,Biología
Q176483,Historia
Q176501,Educación musical
Q176623,Matemática
Q1775153,Biología
Q177626,Geografía
Q177691,Lengua española
Q177784,Tecnologías
Q177819,Historia
Q1778442,Lengua española
Q1780993,Química
Q178150,Tecnologías
Q1784017,Biología
Q178605,Geografía
Q1786577,Comunicación visual
Q178715,Literatura
Q178869,Literatura
Q17888,Taller de salud y sexualidad
Q179080,Lengua española
Q179230,Lengua española
Q179405,Biología
Q179465,Educación musical
Q179615,Química
Q179742,Taller de salud y sexualidad
Q17995429,Literatura
Q180165,Tecnologías
Q180544,Matemática
Q180856,Educación física y recreación
Q181014,Educación musical
Q181100,Biología
Q181394,Biología
Q181497,Biología
Q181593,Ciencias de la computación
Q181702,Ciencias de la computación
Q18205863,Ciencias de la computación
Q182221,Tecnologías
Q1823478,Biología
Q182353,Biología
Q182527,Química
Q182545,Comunicación y sociedad
Q182581,Biología
Q182598,Matemática
Q182726,Biología
Q183129,Biología
Q183140,Biología
Q183252,Biología
Q183481,Biología
Q183605,Biología
Q18417267,Biología
Q18418951,Comunicación y sociedad
Q18419167,Historia
Q18419511,Biología
Q184421,Educación musical
Q184439,Comunicación y sociedad
Q184550,Física
Q184627,Biología
Q184716,Historia
Q184806,Biología
Q1849028,Geografía
Q184932,Lengua española
Q185035,Ciencias físico-químicas
Q185092,Ciencias de la computación
Q1850937,Tecnologías
Q185154,Química
Q1853,Biología
Q185325,Biología
Q18534,Lengua española
Q18538,Biología
Q185387,Formación para la ciudadanía
Q185467,Formación para la ciudadanía
Q185557,Biología
Q185744,Química
Q186368,Biología
Q186386,Geografía
Q186517,Biología
Q187082,Biología
Q187181,Biología
Q187215,Biología
Q187634,Química
Q187672,Tecnologías
Q18783,Geografía
Q1879820,Matemática
Q188009,Química
Q188209,Tecnologías
Q188451,Educación musical
Q188460,Geografía
Q18848,Comunicación visual
Q188522,Ciencias de la computación
Q188838,Literatura
Q188961,Formación para la ciudadanía
Q189439,Ciencias de la computación
Q189594,Historia
Q190007,Formación para la ciudadanía
Q1900281,Diseño
Q190087,Ciencias de la computación
Q1907114,Geografía
Q191154,Química
Q191390,Química
Q191624,Historia
Q191733,Biología
Q191934,Biología
Q192125,Historia
Q1921707,Historia
Q192193,Educación musical
Q192280,Taller de salud y sexualidad
Q1923028,Lengua española
Q192439,Matemática
Q192521,Diseño
Q192588,Ciencias de la computación
Q192624,Educación musical
Q192735,Física
Q192989,Historia
Q193036,Educación física y recreación
Q1931259,Lengua española
Q193434,Educación musical
Q193544,Educación musical
Q193666,Educación musical
Q1938215,Lengua española
Q1939117,Comunicación y sociedad
Q193946,Ciencias físico-químicas
Q1940007,Biología
Q194101,Biología
Q19410896,Literatura
Q194326,Educación física y recreación
Q19434914,Literatura
Q19436299,Literatura
Q19437163,Literatura
Q19437233,Literatura
Q194376,Química
Q19443058,Literatura
Q19450507,Literatura
Q19489532,Literatura
Q19605,Química
Q196538,Biología
Q1967458,Ciencias de la computación
Q19721982,Comunicación visual
Q1973610,Biología
Q197536,Ciencias de la computación
Q1977971,Literatura
Q1981388,Taller de salud y sexualidad
Q19821,Matemática
Q1987559,Formación para la ciudadanía
Q1991505,Matemática
Q1997531,Historia
Q2,Geografía
Q200034,Comunicación visual
Q2000344,Educación física y recreación
Q200117,Biología
Q20012900,Lengua española
Q20013708,Tecnologías
Q2001702,Ciencias físico-químicas
Q200250,Geografía
Q2004258,Historia
Q2005167,Historia
Q200661,Literatura
Q200726,Matemática
Q201022,Educación física y recreación
Q201038,Historia
Q2015382,Educación física y recreación
Q201735,Educación musical
Q201788,Historia
Q2022868,Geografía
Q202398,Historia
Q2031017,Lengua española
Q2034420,Química
Q203850,Biología
Q2041172,Física
Q20450,Lengua española
Q204554,Ciencias de la computación
Q205034,Matemática
Q205049,Educación musical
Q205660,Biología
Q205665,Formación para la ciudadanía
Q205740,Historia
Q206330,Ciencias de la computación
Q207122,Biología
Q207125,Educación física y recreación
Q207349,Educación musical
Q207449,Historia
Q207591,Educación musical
Q207804,Literatura
Q207857,Lengua española
Q208111,Historia
Q208511,Geografía
Q2088357,Educación musical
Q2095,Biología
Q2097208,Historia
Q210272,Geografía
Q210377,Literatura
Q210443,Historia
Q21104555,Historia
Q211050,Biología
Q211294,Matemática
Q211500,Tecnologías
Q2116083,Educación física y recreación
Q211669,Biología
Q2119531,Tecnologías
Q21199,Matemática
Q212108,Ciencias de la computación
Q212306,Biología
Q212734,Biología
Q212940,Historia
Q21296145,Biología
Q213381,Formación para la ciudadanía
Q213449,Biología
Q213456,Biología
Q213642,Comunicación visual
Q2138622,Biología
Q215067,Matemática
Q215920,Geografía
Q2159485,Literatura
Q216048,Educación física y recreación
Q216200,Formación para la ciudadanía
Q216378,Ciencias de la computación
Q216635,Biología
Q217106,Diseño
Q217199,Educación musical
Q217259,Biología
Q2185614,Lengua española
Q2186896,Diseño
Q219142,Matemática
Q219223,Biología
Q2192288,Biología
Q219320,Ciencias de la computación
Q220264,Historia
Q220734,Historia
Q22082330,Historia
Q221117,Educación musical
Q221275,Química
Q221474,Historia
Q221836,Química
Q223268,Historia
Q223393,Literatura
Q223750,Historia
Q223767,Historia
Q224055,Ciencias de la computación
Q2254571,Taller de salud y sexualidad
Q2269,Historia
Q2277,Historia
Q2281940,Química
Q22856,Geografía
Q228736,Ciencias físico-químicas
Q229367,Diseño
Q2303637,Lengua española
Q2329,Ciencias físico-químicas
Q2339879,Literatura
Q235001,Matemática
Q23540,Historia
Q2356542,Química
Q2357000,Historia
Q23583750,Biología
Q236122,Historia
Q237914,Literatura
Q23809,Química
Q238231,Matemática
Q23852,Biología
Q238557,Literatura
Q23883,Química
Q23921800,Historia
Q239458,Literatura
Q23965,Educación musical
Q242069,Educación física y recreación
Q242606,Ciencias físico-químicas
Q2426831,Formación para la ciudadanía
Q243253,Educación física y recreación
Q243606,Diseño
Q24449,Literatura
Q245423,Lengua española
Q2463100,Educación física y recreación
Q246710,Biología
Q2474068,Química
Q24887418,Química
Q24905,Lengua española
Q24964010,Comunicación visual
Q2511733,Lengua española
Q251212,Tecnologías
Q2512777,Química
Q252088,Literatura
Q25346349,Ciencias de la computación
Q25358,Tecnologías
Q25385639,Historia
Q25389336,Comunicación visual
Q2539,Ciencias de la computación
Q25393761,Lengua española
Q254,Educación musical
Q25409850,Literatura
Q254183,Tecnologías
Q25428,Tecnologías
Q254465,Comunicación visual
Q25447162,Ciencias de la computación
Q2545446,Lengua española
Q255,Educación musical
Q25504,Tecnologías
Q2551030,Educación física y recreación
Q255362,Tecnologías
Q2578402,Tecnologías
Q25862,Biología
Q2602563,Biología
Q2606305,Historia
Q2608489,Historia
Q26180694,Historia
Q2625228,Historia
Q2630879,Lengua española
Q2630964,Literatura
Q264164,Ciencias de la computación
Q26473,Educación musical
Q26540,Física
Q265823,Historia
Q266500,Biología
Q2672163,Taller de salud y sexualidad
Q2672972,Historia
Q267298,Tecnologías
Q267474,Geografía
Q268132,Matemática
Q26846982,Ciencias físico-químicas
Q2695280,Tecnologías
Q26963,Biología
Q27137,Tecnologías
Q2722260,Ciencias de la computación
Q2725616,Biología
Q2735691,Ciencias de la computación
Q2736,Educación física y recreación
Q2736823,Historia
Q274083,Química
Q274160,Química
Q274493,Química
Q2746959,Ciencias físico-químicas
Q274782,Formación para la ciudadanía
Q2748242,Educación musical
Q275051,Historia
Q275131,Tecnologías
Q275157,Biología
Q2755547,Educación física y recreación
Q275918,Historia
Q276510,Literatura
Q277954,Biología
Q27809,Matemática
Q2785021,Formación para la ciudadanía
Q278757,Historia
Q27908,Educación musical
Q27948,Ciencias de la computación
Q280191,Diseño
Q28022144,Ciencias de la computación
Q280257,Comunicación y sociedad
Q28114041,Comunicación visual
Q281287,Comunicación y sociedad
Q28130149,Ciencias de la computación
Q282131,Educación musical
Q2826051,Educación física y recreación
Q283,Química
Q283180,Biología
Q28360,Química
Q2840836,Historia
Q2842424,Comunicación visual
Q284256,Química
Q2845,Biología
Q28472,Biología
Q28474,Matemática
Q284742,Ciencias de la computación
Q28501460,Comunicación visual
Q28518227,Comunicación visual
Q28567,Historia
Q28573,Historia
Q2858150,Literatura
Q2858615,Ciencias de la computación
Q286576,Comunicación y sociedad
Q287,Tecnologías
Q28706781,Comunicación visual
Q2875694,Física
Q2877813,Literatura
Q2883038,Química
Q2886630,Química
Q2887546,Geografía
Q2887548,Geografía
Q2887549,Geografía
Q2890371,Geografía
Q28923,Matemática
Q2893142,Historia
Q28962,Biología
Q290,Biología
Q290502,Literatura
Q290574,Tecnologías
Q29137,Ciencias de la computación
Q2918088,Literatura
Q29358,Educación física y recreación
Q294440,Geografía
Q2947235,Tecnologías
Q29539,Química
Q29548,Biología
Q29643,Ciencias de la computación
Q2990574,Lengua española
Q3006401,Ciencias de la computación
Q30336093,Biología
Q3058092,Literatura
Q3058369,Comunicación y sociedad
Q30600878,Biología
Q30674073,Educación física y recreación
Q3076374,Literatura
Q3076725,Literatura
Q3081842,Literatura
Q309,Historia
Q30903073,Literatura
Q30904029,Comunicación y sociedad
Q30904298,Literatura
Q309100,Educación física y recreación
Q3092578,Lengua española
Q310988,Formación para la ciudadanía
Q31121203,Lengua española
Q312457,Educación musical
Q3128632,Matemática
Q3136707,Literatura
Q3141665,Geografía
Q3142800,Ciencias de la computación
Q315,Comunicación visual
Q317309,Ciencias de la computación
Q3176324,Biología
Q318394,Historia
Q318529,Biología
Q3187690,Literatura
Q319970,Biología
Q32043,Matemática
Q320723,Ciencias físico-químicas
Q32162,Historia
Q3220391,Educación física y recreación
Q3236003,Química
Q3238302,Historia
Q3240978,Química
Q3242046,Formación para la ciudadanía
Q324509,Biología
Q3258382,Historia
Q3258546,Biología
Q325944,Educación musical
Q326827,Educación física y recreación
Q327358,Lengua española
Q327400,Biología
Q3277394,Lengua española
Q3286899,Literatura
Q3293353,Literatura
Q329823,Geografía
Q3305627,Biología
Q3307661,Biología
Q3308829,Biología
Q331273,Historia
Q33196,Biología
Q3331334,Ciencias físico-químicas
Q334118,Literatura
Q33456,Matemática
Q3346035,Literatura
Q3354732,Historia
Q3355930,Biología
Q335632,Matemática
Q3358290,Matemática
Q336,Tecnologías
Q3378593,Biología
Q3381164,Comunicación y sociedad
Q3392,Geografía
Q3392834,Historia
Q3393049,Lengua española
Q3397738,Lengua española
Q3397768,Lengua española
Q3404008,Historia
Q3404044,Historia
Q34189,Literatura
Q3427336,Biología
Q3427759,Biología
Q3437271,Tecnologías
Q344888,Geografía
Q34581,Biología
Q34620,Historia
Q3467906,Ciencias de la computación
Q34698,Lengua española
Q34726,Historia
Q3473038,Taller de salud y sexualidad
Q34770,Comunicación y sociedad
Q349,Educación física y recreación
Q34929,Diseño
Q3510521,Ciencias de la computación
Q35245,Lengua española
Q35355,Historia
Q354337,Matemática
Q355198,Ciencias de la computación
Q35689,Matemática
Q357760,Lengua española
Q35831,Biología
Q35874,Comunicación y sociedad
Q361,Historia
Q36133,Geografía
Q362,Historia
Q36224,Lengua española
Q3624153,Historia
Q36244,Lengua española
Q3625206,Historia
Q3625500,Educación física y recreación
Q36484,Lengua española
Q36534,Química
Q3664292,Biología
Q36649,Diseño
Q36732,Biología
Q36747,Historia
Q36810,Matemática
Q3686031,Comunicación visual
Q36864,Biología
Q3689704,Comunicación y sociedad
Q3702971,Ciencias de la computación
Q37038,Comunicación visual
Q37105,Matemática
Q37260,Comunicación y sociedad
Q3734650,Lengua española
Q373557,Educación física y recreación
Q3738646,Biología
Q37437,Lengua española
Q3745713,Ciencias de la computación
Q3750478,Ciencias de la computación
Q3752973,Biología
Q37555,Matemática
Q3769517,Ciencias de la computación
Q37732,Geografía
Q37739,Historia
Q37756,Química
Q377623,Literatura
Q3776487,Matemática
Q37813,Biología
Q379380,Matemática
Q380012,Lengua española
Q380057,Lengua española
Q380344,Matemática
Q38035,Lengua española
Q380778,Biología
Q3816988,Comunicación visual
Q3821310,Educación física y recreación
Q3823346,Biología
Q382570,Educación musical
Q382646,Biología
Q38311,Lengua española
Q3834994,Tecnologías
Q38433,Física
Q38746,Ciencias de la computación
Q388202,Historia
Q3884033,Matemática
Q3886264,Matemática
Q389782,Tecnologías
Q39047680,Biología
Q3922674,Diseño
Q39297,Química
Q3930,Educación física y recreación
Q394222,Biología
Q39552,Química
Q39572,Biología
Q396338,Geografía
Q3966,Ciencias de la computación
Q396622,Ciencias físico-químicas
Q3968,Matemática
Q397,Historia
Q399138,Literatura
Q40015,Biología
Q401,Historia
Q40164,Tecnologías
Q40178,Química
Q40260,Biología
Q40276,Matemática
Q40397,Biología
Q40461,Educación musical
Q4071928,Ciencias de la computación
Q40754,Matemática
Q408891,Física
Q40924,Biología
Q40936,Química
Q4105337,Biología
Q41083,Biología
Q4115079,Ciencias de la computación
Q4118,Química
Q412542,Biología
Q4126475,Historia
Q41299,Matemática
Q4135218,Taller de salud y sexualidad
Q41560,Biología
Q41576,Biología
Q41591,Tecnologías
Q41679,Historia
Q41796,Lengua española
Q418,Geografía
Q4182287,Ciencias de la computación
Q41861,Biología
Q41966,Lengua española
Q42005,Historia
Q4202245,Tecnologías
Q420496,Biología
Q42213,Ciencias físico-químicas
Q4228,Geografía
Q423488,Tecnologías
Q42387144,Literatura
Q42394009,Comunicación visual
Q42405632,Comunicación visual
Q424494,Educación musical
Q42515,Geografía
Q4264,Historia
Q427369,Geografía
Q428148,Educación física y recreación
Q42848,Ciencias de la computación
Q428995,Historia
Q42970866,Literatura
Q42998,Educación musical
Q43054,Biología
Q432,Historia
Q43249,Lengua española
Q43260,Matemática
Q43302,Biología
Q43343,Educación musical
Q4340209,Biología
Q43450,Educación física y recreación
Q43619,Biología
Q4374872,Tecnologías
Q4386352,Taller de salud y sexualidad
Q4412837,Biología
Q4413211,Educación física y recreación
Q44167,Tecnologías
Q44424,Química
Q44432,Ciencias físico-químicas
Q44484,Ciencias de la computación
Q44528,Matemática
Q446,Tecnologías
Q446437,Literatura
Q447131,Historia
Q44782,Geografía
Q44946,Comunicación visual
Q450056,Biología
Q45029591,Ciencias de la computación
Q4519653,Educación física y recreación
Q453768,Literatura
Q455550,Educación física y recreación
Q45701,Biología
Q457316,Literatura
Q45762,Comunicación y sociedad
Q4593291,Química
Q45948,Biología
Q461335,Biología
Q462437,Comunicación visual
Q46261,Historia
Q46441,Ciencias de la computación
Q465352,Tecnologías
Q46857,Ciencias físico-químicas
Q468838,Literatura
Q4688879,Taller de salud y sexualidad
Q4692,Historia
Q47041,Biología
Q470747,Biología
Q471822,Geografía
Q471880,Ciencias de la computación
Q472287,Biología
Q47263,Biología
Q47273,Biología
Q472911,Lengua española
Q473719,Educación física y recreación
Q474090,Literatura
Q474628,Lengua española
Q47657,Biología
Q477298,Educación física y recreación
Q478798,Comunicación visual
Q4791025,Historia
Q47928,Educación física y recreación
Q4801210,Geografía
Q482,Literatura
Q4820033,Educación musical
Q48264,Taller de salud y sexualidad
Q48277,Taller de salud y sexualidad
Q483024,Historia
Q483130,Geografía
Q483213,Biología
Q483242,Química
Q4832964,Historia
Q4833830,Lengua española
Q48349,Historia
Q4835091,Geografía
Q48378,Tecnologías
Q483921,Biología
Q483948,Química
Q484637,Matemática
Q487623,Comunicación visual
Q48785284,Comunicación visual
Q4891107,Literatura
Q49084,Literatura
Q491,Biología
Q492264,Educación musical
Q4929239,Ciencias de la computación
Q49389,Geografía
Q494348,Taller de salud y sexualidad
Q49473179,Ciencias de la computación
Q496341,Geografía
Q497743,Tecnologías
Q498640,Historia
Q49906,Matemática
Q49918,Matemática
Q501829,Biología
Q50265665,Biología
Q50358532,Literatura
Q5043,Historia
Q506623,Química
Q50675,Historia
Q50690,Química
Q5069474,Educación musical
Q50701,Matemática
Q50708,Matemática
Q5078274,Diseño
Q5082128,Ciencias de la computación
Q510866,Taller de salud y sexualidad
Q5110203,Taller de salud y sexualidad
Q511494,Literatura
Q5133607,Geografía
Q5133621,Geografía
Q51379,Comunicación visual
Q515,Geografía
Q5162345,Historia
Q51739,Comunicación y sociedad
Q520713,Comunicación visual
Q52090,Historia
Q52139,Geografía
Q5219975,Literatura
Q524648,Comunicación y sociedad
Q5259911,Biología
Q528053,Ciencias de la computación
Q52954,Educación musical
Q5300,Ciencias de la computación
Q5308718,Historia
Q5318,Ciencias de la computación
Q5320,Tecnologías
Q5321,Tecnologías
Q5322,Tecnologías
Q5325,Tecnologías
Q533188,Tecnologías
Q533820,Historia
Q5339,Tecnologías
Q5354859,Formación para la ciudadanía
Q535691,Biología
Q5365578,Comunicación visual
Q5369,Educación física y recreación
Q5372,Educación física y recreación
Q5378,Educación física y recreación
Q53831,Educación musical
Q53859,Química
Q53875,Matemática
Q5401,Geografía
Q5403493,Ciencias de la computación
Q5404592,Educación musical
Q5413,Geografía
Q541936,Formación para la ciudadanía
Q542,Educación física y recreación
Q542929,Química
Q543692,Geografía
Q5447188,Química
Q55238959,Literatura
Q555097,Ciencias de la computación
Q555449,Literatura
Q55604103,Ciencias de la computación
Q556496,Educación física y recreación
Q5576720,Lengua española
Q5600643,Literatura
Q56318473,Literatura
Q56318674,Literatura
Q56324177,Geografía
Q56324223,Geografía
Q56378658,Literatura
Q5653620,Ciencias de la computación
Q5654647,Biología
Q565649,Química
Q5657929,Literatura
Q5691007,Historia
Q5706691,Historia
Q5719914,Literatura
Q5720098,Biología
Q5739953,Biología
Q574360,Biología
Q5747897,Biología
Q57515336,Ciencias de la computación
Q576145,Biología
Q576271,Lengua española
Q5770105,Biología
Q5770868,Historia
Q5771534,Lengua española
Q5779310,Historia
Q5780026,Lengua española
Q5783347,Matemática
Q5785074,Literatura
Q5789970,Historia
Q5793817,Literatura
Q5807002,Biología
Q5808385,Educación musical
Q5820651,Historia
Q582159,Ciencias de la computación
Q5829148,Geografía
Q5832039,Literatura
Q58363586,Literatura
Q5839471,Historia
Q583960,Matemática
Q5840462,Educación física y recreación
Q5853079,Biología
Q5853516,Diseño
Q5853527,Comunicación y sociedad
Q5854436,Lengua española
Q5859395,Ciencias de la computación
Q586060,Comunicación y sociedad
Q5863332,Biología
Q5873,Biología
Q58734,Química
Q5876895,Literatura
Q5878,Literatura
Q5880,Biología
Q588790,Lengua española
Q5888018,Historia
Q5917515,Biología
Q5918448,Historia
Q59616986,Biología
Q5966801,Literatura
Q5967087,Literatura
Q597493,Educación musical
Q5981279,Literatura
Q599905,Historia
Q601053,Matemática
Q6011512,Historia
Q6016432,Historia
Q6035957,Química
Q6071606,Historia
Q6072106,Comunicación visual
Q6072465,Educación musical
Q607301,Historia
Q6076385,Comunicación visual
Q6081397,Historia
Q60826125,Literatura
Q6084219,Lengua española
Q6088705,Biología
Q609298,Formación para la ciudadanía
Q609507,Lengua española
Q6103501,Historia
Q61065,Educación física y recreación
Q6110194,Tecnologías
Q611474,Lengua española
Q6121779,Literatura
Q6129920,Ciencias físico-químicas
Q6143743,Historia
Q6151673,Historia
Q6154506,Historia
Q6157326,Historia
Q6158157,Comunicación y sociedad
Q6159648,Historia
Q6160892,Física
Q6163243,Taller de salud y sexualidad
Q617103,Historia
Q620584,Matemática
Q6206,Historia
Q620615,Ciencias de la computación
Q620620,Ciencias de la computación
Q62155,Lengua española
Q623543,Biología
Q624546,Ciencias de la computación
Q62500,Química
Q625376,Química
Q626225,Tecnologías
Q626738,Biología
Q629029,Tecnologías
Q6291984,Comunicación visual
Q634483,Geografía
Q6346817,Historia
Q6353040,Química
Q6353481,Comunicación y sociedad
Q6358942,Historia
Q6366221,Química
Q638,Educación musical
Q63859034,Biología
Q638608,Ciencias de la computación
Q639197,Educación musical
Q640757,Educación física y recreación
Q64214830,Química
Q643,Geografía
Q64386,Biología
Q64513386,Biología
Q6478447,Química
Q6498959,Tecnologías
Q6503924,Química
Q6504956,Ciencias de la computación
Q651022,Ciencias de la computación
Q65166143,Literatura
Q652360,Geografía
Q653848,Geografía
Q654,Química
Q654693,Educación musical
Q656619,Educación física y recreación
Q657326,Historia
Q658,Química
Q6581577,Biología
Q660,Química
Q6607,Educación musical
Q661062,Comunicación visual
Q6621941,Historia
Q6631525,Ciencias físico-químicas
Q663208,Matemática
Q66463453,Comunicación visual
Q6661985,Ciencias de la computación
Q6671777,Comunicación visual
Q670,Química
Q671617,Matemática
Q674,Química
Q676,Lengua española
Q676838,Ciencias de la computación
Q68,Ciencias de la computación
Q680023,Historia
Q680042,Lengua española
Q681698,Biología
Q682111,Lengua española
Q682466,Biología
Q683111,Tecnologías
Q685884,Educación musical
Q68833,Biología
Q690068,Geografía
Q690182,Comunicación visual
Q690256,Historia
Q690940,Lengua española
Q6942562,Educación musical
Q702232,Geografía
Q702492,Geografía
Q703,Química
Q7047718,Educación musical
Q706,Química
Q7060553,Biología
Q706622,Comunicación y sociedad
Q70710352,Biología
Q708826,Literatura
Q7108,Ciencias físico-químicas
Q712294,Biología
Q712378,Biología
Q712604,Biología
Q714097,Literatura
Q7162990,Comunicación y sociedad
Q7167,Historia
Q7174,Historia
Q717681,Lengua española
Q7179013,Comunicación visual
Q7188,Formación para la ciudadanía
Q719426,Biología
Q719597,Física
Q7200277,Diseño
Q7200896,Ciencias de la computación
Q7202090,Biología
Q722644,Comunicación visual
Q72313,Tecnologías
Q723418,Educación musical
Q7239,Biología
Q72499,Historia
Q725939,Matemática
Q726543,Educación física y recreación
Q7269,Historia
Q7270,Historia
Q7275,Formación para la ciudadanía
Q728001,Lengua española
Q729,Biología
Q7291,Educación física y recreación
Q72941682,Biología
Q730920,Tecnologías
Q731973,Lengua española
Q7333703,Taller de salud y sexualidad
Q735071,Matemática
Q735135,Química
Q735505,Biología
Q7365,Educación física y recreación
Q7366,Educación musical
Q7397,Ciencias de la computación
Q740909,Biología
Q7432,Biología
Q743257,Química
Q7443049,Historia
Q74560,Biología
Q747008,Historia
Q747883,Educación física y recreación
Q748229,Geografía
Q748455,Educación musical
Q749389,Lengua española
Q75,Ciencias de la computación
Q7520847,Literatura
Q754250,Biología
Q755673,Ciencias de la computación
Q756,Biología
Q7565979,Historia
Q75848,Geografía
Q762,Historia
Q762713,Biología
Q762856,Matemática
Q764,Biología
Q764285,Química
Q765188,Matemática
Q7663735,Matemática
Q77,Geografía
Q770723,Historia
Q771245,Ciencias de la computación
Q774228,Ciencias de la computación
Q7749,Educación musical
Q778379,Ciencias de la computación
Q778637,Ciencias de la computación
Q778806,Matemática
Q780687,Formación para la ciudadanía
Q78125729,Geografía
Q781560,Historia
Q7817,Biología
Q7868,Biología
Q7873,Biología
Q787407,Biología
Q7881,Biología
Q788590,Ciencias de la computación
Q7886,Biología
Q7889,Ciencias de la computación
Q7891,Biología
Q7892,Química
Q7895,Biología
Q78974,Química
Q7936610,Comunicación visual
Q7937,Geografía
Q7942,Biología
Q7944,Geografía
Q7950,Geografía
Q79529,Química
Q796212,Lengua española
Q79719,Ciencias de la computación
Q79751,Historia
Q797559,Biología
Q797769,Ciencias de la computación
Q79782,Física
Q79896,Formación para la ciudadanía
Q79899,Biología
Q79927,Biología
Q79984,Ciencias de la computación
Q79995,Geografía
Q80006,Tecnologías
Q80056,Literatura
Q8009,Ciencias de la computación
Q803888,Biología
Q8047,Biología
Q80702,Historia
Q8072,Geografía
Q80831,Tecnologías
Q80871,Literatura
Q8091,Comunicación y sociedad
Q8096,Lengua española
Q8104,Geografía
Q81041,Ciencias físico-químicas
Q811679,Tecnologías
Q8124,Biología
Q814722,Lengua española
Q8148,Biología
Q815818,Biología
Q816829,Historia
Q8171,Educación musical
Q8183,Lengua española
Q8192,Comunicación y sociedad
Q8208448,Comunicación y sociedad
Q822938,Física
Q8242,Comunicación y sociedad
Q8244902,Historia
Q82604,Diseño
Q8269924,Biología
Q828047,Historia
Q830012,Lengua española
Q83181,Biología
Q832330,Literatura
Q832383,Literatura
Q83323,Química
Q834028,Química
Q8341841,Literatura
Q83474,Diseño
Q8354948,Taller de salud y sexualidad
Q8361,Educación musical
Q8366,Ciencias de la computación
Q8386,Biología
Q83864,Biología
Q839508,Biología
Q841798,Física
Q8418,Educación física y recreación
Q842083,Biología
Q842346,Comunicación visual
Q842352,Historia
Q842424,Biología
Q8425,Historia
Q8432,Historia
Q8436,Taller de salud y sexualidad
Q843745,Historia
Q843905,Matemática
Q844342,Biología
Q845118,Matemática
Q845566,Ciencias de la computación
Q845636,Tecnologías
Q8458,Formación para la ciudadanía
Q846047,Educación musical
Q846574,Biología
Q846933,Historia
Q847,Educación física y recreación
Q848436,Tecnologías
Q849032,Biología
Q84953550,Biología
Q8513,Ciencias de la computación
Q8514257,Educación física y recreación
Q852082,Geografía
Q852163,Biología
Q853467,Ciencias de la computación
Q857300,Biología
Q858700,Formación para la ciudadanía
Q860372,Diseño
Q862597,Educación musical
Q863944,Geografía
Q864114,Ciencias de la computación
Q864886,Biología
Q866081,Taller de salud y sexualidad
Q8683,Historia
Q8698,Historia
Q873072,Biología
Q876776,Biología
Q876852,Educación física y recreación
Q8771724,Historia
Q877977,Ciencias de la computación
Q8811,Ciencias de la computación
Q8815,Ciencias de la computación
Q885115,Ciencias de la computación
Q8868615,Ciencias de la computación
Q8958,Historia
Q8963066,Lengua española
Q89640,Biología
Q899146,Química
Q899546,Química
Q9009033,Matemática
Q90257513,Tecnologías
Q9030985,Educación física y recreación
Q9033886,Ciencias de la computación
Q9046830,Comunicación visual
Q9048263,Educación musical
Q906356,Química
Q906378,Química
Q9071453,Historia
Q907574,Educación física y recreación
Q9076644,Biología
Q909,Literatura
Q9103,Biología
Q911916,Química
Q9121,Química
Q912313,Biología
Q913236,Biología
Q9135,Ciencias de la computación
Q9143,Ciencias de la computación
Q924713,Física
Q9259,Comunicación visual
Q93304,Historia
Q934381,Literatura
Q9368,Biología
Q936875,Historia
Q9377,Biología
Q9380064,Ciencias de la computación
Q9382,Biología
Q9384,Biología
Q9385,Biología
Q9386,Biología
Q940260,Comunicación visual
Q9404,Biología
Q9415,Educación física y recreación
Q942955,Educación musical
Q949149,Biología
Q9492,Matemática
Q95074,Literatura
Q9530,Biología
Q9592,Historia
Q959606,Matemática
Q96,Geografía
Q9606,Biología
Q9612,Biología
Q9618,Biología
Q9621,Biología
Q9625,Biología
Q9631,Biología
Q9644,Biología
Q9645,Biología
Q964797,Biología
Q9649,Biología
Q968159,Diseño
Q97194619,Formación para la ciudadanía
Q9730,Educación musical
Q9734,Educación musical
Q97369394,Literatura
Q9759,Educación musical
Q976981,Matemática
Q980329,Diseño
Q988343,Biología
Q999259,Historia
